city,property_type,area_sqft,bedrooms,bathrooms,age_years,floor,parking,furnished,facing,road_width,location_score,nearby_schools,nearby_hospital,nearby_metro,price
Kolkata,Villa,1989,5,1,3,5,0,Unfurnished,South,35,6.2,8,1,0,25462956
Hyderabad,Commercial,1561,4,2,16,27,0,Unfurnished,West,27,6.2,8,2,1,22886350
Ahmedabad,Office,2920,4,4,8,12,3,Semi-Furnished,North-East,91,9.6,0,0,2,31115904
Chennai,Industrial,4255,5,2,29,25,3,Furnished,South-East,66,5.0,5,0,2,60566644
Kolkata,Apartment,1094,2,2,18,27,3,Furnished,West,16,7.2,6,4,2,11931291
Surat,Apartment,4812,4,3,12,7,2,Unfurnished,South-East,57,6.2,1,1,1,29372975
Bangalore,House,4198,5,3,3,14,1,Semi-Furnished,West,89,2.6,9,1,0,69893014
Kolkata,Industrial,4083,2,3,4,5,1,Unfurnished,South,69,6.3,7,1,1,37503000
Ahmedabad,Farm,2371,5,3,28,26,0,Semi-Furnished,West,42,5.9,7,0,1,14256650
Chennai,Commercial,1903,5,2,12,5,1,Semi-Furnished,South,12,5.4,5,3,1,33370513
Hyderabad,House,3649,4,3,22,3,2,Semi-Furnished,South-West,13,5.6,8,0,0,41672750
Ahmedabad,Farm,4618,2,4,15,10,1,Semi-Furnished,North,13,2.5,2,0,1,23011869
Ahmedabad,Villa,3642,4,3,21,20,2,Furnished,South-East,51,5.2,1,0,2,53406894
Bangalore,Commercial,2268,1,3,4,29,0,Semi-Furnished,North-East,18,6.5,1,3,1,50144220
Pune,Villa,2071,1,3,7,17,3,Semi-Furnished,South-West,60,5.4,5,2,0,42019979
Chennai,Industrial,1482,2,1,15,2,2,Unfurnished,South-West,26,5.4,6,4,2,19015416
Delhi,Office,2128,5,4,29,2,3,Unfurnished,West,26,1.7,5,2,0,44541166
Ahmedabad,Commercial,4251,4,4,0,29,0,Furnished,South,29,2.7,2,2,1,53957071
Pune,Farm,2542,4,2,22,11,2,Unfurnished,East,23,3.9,4,0,0,17269905
Delhi,Office,1548,2,2,27,26,2,Semi-Furnished,South-East,31,4.8,7,2,2,38981323
Chennai,Apartment,653,2,3,5,20,1,Unfurnished,South-West,61,6.3,5,0,0,8366138
Mumbai,Farm,4502,1,1,10,29,2,Furnished,West,36,8.8,1,0,2,73123597
Surat,House,3942,3,2,15,20,0,Unfurnished,North-West,52,2.4,6,4,2,32147089
Pune,Apartment,3175,2,2,4,5,3,Unfurnished,North,12,1.1,7,1,1,34214323
Jaipur,Apartment,3733,3,3,15,20,2,Furnished,North,97,5.0,3,0,1,26418339
Mumbai,House,4584,2,3,6,27,0,Furnished,East,17,4.9,0,2,2,122348499
Surat,Commercial,3679,5,2,18,5,0,Semi-Furnished,South,95,6.0,1,4,0,40221255
Bangalore,Apartment,4708,5,2,0,7,2,Unfurnished,West,98,8.5,3,2,2,64768097
Kolkata,Industrial,3281,1,4,8,14,1,Semi-Furnished,South-East,19,8.2,6,1,1,34551439
Hyderabad,Farm,665,1,1,17,17,2,Unfurnished,South,38,1.9,1,3,0,4925359
Jaipur,Office,2740,3,4,12,19,2,Unfurnished,North,49,9.4,5,1,2,24859126
Bangalore,Apartment,3548,2,2,25,28,1,Semi-Furnished,South,74,2.0,1,4,1,43124925
Chennai,Farm,3759,4,4,14,15,0,Unfurnished,North,30,6.7,6,1,2,28290977
Bangalore,Villa,1404,1,4,2,5,2,Unfurnished,South,33,7.1,1,1,2,31579081
Kolkata,Farm,2494,4,2,23,27,1,Unfurnished,East,82,7.1,2,4,2,16003753
Chennai,Office,3671,4,3,27,20,3,Furnished,North-East,69,3.4,8,4,0,59764858
Jaipur,Farm,4922,2,2,9,16,3,Semi-Furnished,East,35,4.0,3,2,1,23836637
Kolkata,House,609,3,3,8,8,1,Furnished,East,18,5.9,4,0,1,8960987
Delhi,Office,1287,2,2,12,18,0,Semi-Furnished,North-East,29,2.8,8,3,2,30676376
Hyderabad,Commercial,553,1,2,15,17,1,Semi-Furnished,North-East,65,1.2,6,3,2,10354798
Jaipur,Villa,3993,4,2,2,24,0,Unfurnished,South-West,45,6.1,7,3,2,45270468
Delhi,House,814,2,1,21,22,3,Semi-Furnished,South-West,45,5.2,2,1,0,17780398
Surat,Commercial,3824,2,3,22,4,2,Furnished,West,82,6.9,3,4,1,42934801
Jaipur,Farm,1684,2,1,14,27,1,Furnished,South-East,31,2.3,6,4,2,9366262
Surat,Office,3548,1,2,16,5,3,Furnished,South-East,10,8.6,3,4,1,38525424
Chennai,Villa,1168,3,4,13,11,2,Semi-Furnished,West,78,2.3,1,0,2,20566535
Delhi,House,1382,2,1,6,10,3,Furnished,East,82,9.0,9,4,1,32178742
Hyderabad,Commercial,3602,1,3,19,15,1,Semi-Furnished,East,46,5.0,5,4,2,52741733
Kolkata,Commercial,3926,4,2,15,19,1,Furnished,North,92,5.9,8,1,0,55981387
Ahmedabad,Villa,3187,5,1,20,16,2,Furnished,North,81,9.1,1,2,2,45548642
Bangalore,Industrial,2610,1,4,7,19,1,Semi-Furnished,South-East,22,3.7,0,3,2,48094675
Mumbai,Farm,1438,5,1,3,8,3,Furnished,West,93,2.6,7,1,2,25912651
Hyderabad,Villa,4332,2,3,19,0,2,Unfurnished,North-West,52,5.0,0,1,2,64024716
Delhi,Commercial,941,2,1,23,25,2,Semi-Furnished,South-West,46,3.2,0,1,2,25287594
Ahmedabad,Apartment,758,1,4,14,2,3,Semi-Furnished,North-West,83,5.8,2,3,1,7290798
Hyderabad,House,1249,5,4,4,20,0,Semi-Furnished,West,34,3.5,4,1,1,16926278
Delhi,Villa,4922,2,3,12,22,2,Unfurnished,North,97,8.8,8,2,0,125161519
Pune,Industrial,2944,4,4,5,8,0,Semi-Furnished,South-East,30,6.5,9,4,2,38308623
Pune,Commercial,4981,3,2,27,21,3,Furnished,South-East,50,1.0,1,2,1,95569542
Surat,Farm,2231,3,4,26,18,3,Furnished,North,82,8.2,0,4,1,13721679
Hyderabad,Commercial,1872,2,2,29,12,2,Furnished,North-West,51,4.0,0,4,2,29240331
Pune,Farm,1836,5,1,4,22,1,Semi-Furnished,South,51,3.9,7,1,2,17051433
Delhi,Villa,729,2,2,16,13,2,Furnished,South,11,4.4,9,1,0,21834826
Surat,Farm,4754,5,2,6,19,1,Semi-Furnished,North,77,6.7,9,3,0,26623968
Delhi,Office,4638,4,1,5,18,0,Furnished,South,17,5.0,9,0,1,116210242
Surat,Office,4408,5,4,1,29,1,Unfurnished,North-East,70,6.7,1,2,0,43024920
Hyderabad,Office,1788,2,2,10,22,2,Unfurnished,West,23,2.3,8,3,1,22350446
Ahmedabad,Industrial,4585,4,4,6,26,1,Unfurnished,West,86,9.7,8,3,0,42933041
Kolkata,Industrial,1119,1,1,21,26,3,Unfurnished,North,30,7.6,1,2,2,12529055
Jaipur,Apartment,3635,3,3,20,6,0,Semi-Furnished,East,33,3.3,2,2,0,21993784
Ahmedabad,Industrial,4976,2,4,7,3,3,Furnished,South-West,59,7.5,1,4,1,44651125
Chennai,Villa,2531,2,4,4,11,3,Unfurnished,North-West,91,6.2,5,0,0,47668275
Delhi,Commercial,1500,2,3,26,22,3,Semi-Furnished,North,54,2.0,6,1,1,36364407
Chennai,Commercial,1072,4,3,17,26,3,Unfurnished,South,73,2.6,5,0,1,17609993
Ahmedabad,Apartment,916,1,1,21,13,1,Unfurnished,North-West,73,1.4,2,0,0,6403234
Surat,Industrial,2932,5,4,15,1,3,Semi-Furnished,East,35,8.3,2,1,0,25362887
Jaipur,Farm,4070,1,4,13,0,1,Semi-Furnished,South,41,6.0,1,0,1,17856138
Jaipur,Apartment,1181,4,1,11,27,3,Furnished,South-East,66,3.9,1,3,2,9041352
Mumbai,Farm,3923,2,4,16,17,2,Furnished,South-West,62,2.1,4,3,0,59452162
Jaipur,Farm,3958,3,2,4,19,3,Unfurnished,North-East,42,5.4,7,1,1,19466684
Kolkata,House,2786,2,2,13,7,2,Unfurnished,South,61,5.7,5,1,2,26659468
Jaipur,Commercial,1989,5,2,5,2,1,Furnished,North-East,27,7.3,8,2,1,25202863
Ahmedabad,Office,1901,3,4,14,25,0,Furnished,North-West,44,9.7,4,2,0,25467303
Mumbai,Industrial,4194,2,2,6,5,1,Semi-Furnished,North-East,21,4.9,9,0,1,99590743
Ahmedabad,Farm,4718,3,2,13,21,0,Furnished,North-West,60,4.7,3,0,1,25556873
Ahmedabad,House,3480,1,1,17,12,0,Furnished,North-West,98,4.3,8,1,1,36037475
Bangalore,Commercial,1476,4,1,0,8,3,Unfurnished,North-West,19,8.4,9,0,0,32297370
Mumbai,Office,1500,2,3,5,8,0,Furnished,North-West,61,2.4,4,4,2,48849083
Ahmedabad,Farm,902,5,3,2,19,1,Unfurnished,North-West,43,4.1,0,3,2,8037002
Bangalore,Farm,1739,1,3,4,8,3,Furnished,South,76,7.5,4,0,2,19731318
Bangalore,Apartment,4285,2,3,11,14,0,Semi-Furnished,North-West,48,1.1,4,0,2,55008619
Mumbai,Apartment,1023,1,1,10,12,1,Furnished,South,17,3.6,4,2,0,21722395
Chennai,Commercial,2286,5,1,12,21,0,Furnished,North-West,38,6.8,1,4,1,39944144
Surat,Office,3750,2,1,15,15,0,Furnished,North-East,31,2.7,5,0,2,40119350
Kolkata,Farm,1450,5,2,17,1,3,Unfurnished,South-East,93,3.7,4,3,2,9901991
Surat,Commercial,4172,3,2,16,25,3,Semi-Furnished,North-West,79,5.4,1,0,0,43994601
Jaipur,Commercial,4316,5,3,16,13,1,Furnished,East,70,4.8,9,1,1,48771896
Kolkata,Villa,4418,3,2,28,26,3,Unfurnished,North-West,52,2.0,7,4,1,62171610
Jaipur,Industrial,1729,2,4,10,5,3,Semi-Furnished,North-West,58,9.4,5,0,2,14442894
Ahmedabad,Apartment,4514,3,1,19,1,2,Unfurnished,North-East,38,1.4,9,4,2,33498294
Delhi,Office,3767,2,3,9,7,2,Unfurnished,South-West,90,7.7,2,0,1,84632991
Mumbai,Farm,4351,2,3,28,3,1,Semi-Furnished,West,40,1.6,8,3,0,55585597
Kolkata,Commercial,2897,4,4,15,20,3,Furnished,North-East,62,5.2,3,3,1,39923805
Kolkata,Farm,1973,2,2,1,23,1,Unfurnished,East,43,2.6,2,4,1,12558526
Ahmedabad,Villa,3034,3,3,16,13,2,Unfurnished,West,47,2.3,6,2,2,34789242
Chennai,Office,3168,4,2,21,10,2,Furnished,North,66,2.1,7,2,0,50667486
Bangalore,Commercial,1611,4,2,29,23,2,Furnished,North,13,5.1,6,1,0,38301571
Ahmedabad,Farm,1175,2,4,19,27,1,Semi-Furnished,South-West,11,5.6,0,2,0,7200221
Pune,Apartment,1560,5,3,9,13,3,Semi-Furnished,East,21,2.2,0,4,2,17987690
Bangalore,Industrial,2783,5,2,12,11,0,Semi-Furnished,North-East,44,9.8,4,2,0,45506493
Mumbai,Villa,3054,4,2,11,15,3,Furnished,South,79,3.3,7,1,0,129320907
Bangalore,Office,3940,2,4,14,5,1,Unfurnished,East,81,5.1,9,0,2,70917445
Chennai,Villa,1495,5,4,6,19,2,Unfurnished,South-East,30,2.9,2,2,1,26395015
Bangalore,Apartment,423,2,2,26,0,0,Semi-Furnished,West,70,5.4,7,4,0,6395042
Mumbai,Office,3956,2,4,21,11,1,Furnished,West,44,7.8,2,4,1,134998238
Chennai,Villa,1479,4,2,20,6,2,Unfurnished,North-West,57,5.7,3,1,0,23677388
Surat,House,4718,4,3,25,7,1,Semi-Furnished,North,24,3.6,9,1,1,41893171
Kolkata,Apartment,578,1,1,27,8,0,Unfurnished,South-West,80,3.2,6,3,1,4839302
Kolkata,Apartment,3247,5,4,12,1,2,Unfurnished,West,24,7.8,2,3,2,25587178
Jaipur,Apartment,2360,5,1,11,16,3,Furnished,East,15,2.1,3,3,2,16888608
Surat,House,1873,5,2,11,19,1,Furnished,West,90,4.3,7,0,0,19371621
Surat,House,1612,3,2,27,12,0,Unfurnished,South-West,77,2.4,3,4,0,12931385
Bangalore,Farm,1209,2,2,1,4,3,Semi-Furnished,South-West,31,3.3,8,3,2,13302613
Kolkata,Commercial,819,4,1,4,9,0,Furnished,South-West,41,2.4,3,4,0,11006163
Mumbai,Industrial,4059,5,2,24,11,1,Unfurnished,East,31,9.0,3,1,0,82096382
Hyderabad,Villa,4216,1,4,24,16,0,Furnished,South,36,7.6,4,0,2,73026081
Hyderabad,Farm,1678,5,3,1,20,2,Furnished,North-West,24,6.0,0,1,1,15262366
Chennai,Villa,2923,2,3,22,5,0,Furnished,North,53,3.0,6,4,0,64509804
Kolkata,Industrial,1840,2,4,25,2,1,Unfurnished,West,95,5.6,8,3,2,18592512
Kolkata,Commercial,1740,4,3,29,27,2,Semi-Furnished,East,18,5.7,8,1,0,22064572
Hyderabad,House,2621,3,1,19,14,0,Semi-Furnished,North-East,43,6.3,0,2,0,27124831
Kolkata,Commercial,2792,4,2,12,6,0,Semi-Furnished,North,82,1.5,5,0,2,35840783
Bangalore,House,1761,5,2,28,29,2,Furnished,South,24,9.8,2,4,2,32617904
Pune,Industrial,991,1,2,2,5,3,Unfurnished,East,71,5.2,3,3,0,13739182
Delhi,Commercial,926,4,1,10,3,3,Furnished,South-East,54,9.3,7,1,0,28079968
Surat,Farm,2903,3,1,15,18,2,Semi-Furnished,South-East,93,1.1,3,0,1,14888062
Jaipur,Office,1692,4,1,0,4,0,Semi-Furnished,North-West,81,3.2,7,3,1,16641250
Chennai,Farm,2054,2,4,18,2,3,Unfurnished,North-West,67,1.9,3,1,2,13537447
Pune,Villa,587,5,1,10,25,2,Furnished,South,28,7.9,8,4,0,16014059
Hyderabad,Farm,3158,5,3,8,24,1,Semi-Furnished,South,25,3.9,5,2,2,22429297
Surat,Industrial,928,5,4,13,8,0,Unfurnished,North-West,84,8.6,0,2,2,10904178
Kolkata,Apartment,833,5,4,8,5,1,Furnished,West,17,8.5,9,4,0,8872686
Jaipur,Villa,3912,5,4,6,12,0,Furnished,West,42,7.0,1,0,1,47889526
Kolkata,Commercial,2204,5,1,15,26,3,Semi-Furnished,East,83,7.0,6,4,2,31567628
Mumbai,Villa,702,1,4,2,21,1,Semi-Furnished,North-East,27,7.3,9,1,2,26943738
Mumbai,Office,4582,3,1,28,27,1,Furnished,East,44,7.1,6,0,0,132610880
Jaipur,House,837,5,1,18,29,2,Furnished,North-East,52,4.5,2,2,1,9296525
Jaipur,Commercial,2988,3,4,3,19,3,Semi-Furnished,South,59,7.1,0,1,1,31277523
Hyderabad,Villa,1232,5,2,6,3,3,Furnished,North,12,9.1,7,3,0,23276003
Jaipur,Commercial,1196,4,2,22,1,0,Semi-Furnished,East,68,4.0,9,3,2,13411773
Bangalore,Commercial,959,5,4,27,25,2,Furnished,East,37,9.5,9,3,0,26146706
Kolkata,Commercial,3988,2,2,11,3,2,Semi-Furnished,North-East,55,1.1,6,2,0,47275727
Pune,House,1161,1,3,29,7,0,Unfurnished,South-West,73,4.1,9,4,1,17403358
Ahmedabad,Industrial,3974,4,3,17,12,1,Semi-Furnished,South,79,2.2,7,0,2,34779770
Jaipur,Farm,4185,4,1,27,9,0,Semi-Furnished,South,56,2.1,0,2,2,18399472
Chennai,Commercial,2914,2,2,4,17,0,Unfurnished,South-East,23,8.3,2,1,1,44449804
Mumbai,Apartment,1084,5,3,22,8,0,Furnished,South-West,16,9.3,1,1,2,25541364
Bangalore,Industrial,4633,1,4,22,29,2,Unfurnished,North-East,83,8.0,0,3,2,71721488
Surat,Office,977,4,2,21,0,0,Semi-Furnished,South,88,9.8,4,0,0,11655037
Ahmedabad,House,627,1,3,25,12,0,Furnished,South-West,40,2.9,2,3,0,6678955
Pune,Villa,2728,4,3,9,17,0,Unfurnished,North-West,90,2.3,9,1,0,42997404
Ahmedabad,House,3131,5,4,11,14,3,Furnished,South-West,60,5.7,7,1,2,35352748
Jaipur,Villa,1227,4,1,7,1,1,Furnished,West,38,8.5,5,4,2,15626706
Hyderabad,House,830,4,4,18,10,1,Unfurnished,South-East,24,1.4,9,4,2,10745724
Mumbai,Villa,1463,3,1,14,28,1,Furnished,North-West,99,10.0,8,4,2,51784170
Mumbai,Commercial,2109,5,3,0,13,1,Unfurnished,North,85,6.4,8,3,1,70416361
Surat,Farm,1634,2,1,2,21,2,Semi-Furnished,East,34,9.8,5,0,1,10949738
Hyderabad,Villa,701,2,3,26,14,2,Furnished,South-East,70,4.3,1,4,2,13470483
Kolkata,Villa,1820,5,3,17,13,0,Semi-Furnished,North,50,5.1,8,2,0,28373193
Delhi,Apartment,1168,2,2,17,15,2,Semi-Furnished,East,78,7.8,1,4,0,20120977
Bangalore,Villa,1804,5,1,29,22,1,Furnished,West,13,8.1,2,3,1,47485340
Mumbai,Apartment,843,2,1,29,28,3,Unfurnished,South-West,66,3.1,5,0,1,17192086
Chennai,Office,3504,3,1,1,14,0,Furnished,South,40,9.4,1,4,2,56940674
Mumbai,Commercial,4755,2,4,4,18,0,Semi-Furnished,North-West,12,8.8,4,0,2,137992626
Ahmedabad,Apartment,3705,4,2,28,26,1,Semi-Furnished,North-East,76,1.2,1,2,2,28492795
Mumbai,Farm,1938,5,2,0,8,1,Unfurnished,North-West,99,2.2,3,1,2,27565635
Mumbai,Industrial,4330,1,2,9,4,1,Furnished,West,59,5.5,2,0,2,99957456
Delhi,Commercial,1731,1,4,19,4,2,Semi-Furnished,North,26,5.1,4,4,0,43268637
Delhi,Apartment,469,5,1,29,10,0,Semi-Furnished,North-East,69,7.4,5,3,0,8807255
Pune,Commercial,3835,3,1,9,27,1,Semi-Furnished,South,83,1.8,6,3,2,73196746
Kolkata,Commercial,880,2,1,4,19,3,Unfurnished,West,75,6.8,9,3,0,13439050
Chennai,Commercial,4494,3,2,17,24,0,Semi-Furnished,North-East,97,6.5,7,3,2,67060628
Mumbai,Office,3896,1,2,20,23,0,Semi-Furnished,West,84,3.1,8,0,2,102363562
Mumbai,Farm,3193,5,3,25,27,2,Furnished,South-West,33,5.9,3,3,1,52274621
Bangalore,House,3292,5,4,14,3,0,Furnished,West,96,3.0,3,1,0,60814399
Delhi,House,1598,3,4,19,19,1,Semi-Furnished,South,41,2.3,6,2,0,30918736
Chennai,Apartment,2772,3,2,7,17,1,Semi-Furnished,South-East,96,6.2,9,0,1,28405138
Surat,Commercial,2292,2,3,16,24,3,Furnished,East,28,9.8,9,0,0,30279515
Pune,Apartment,2283,4,1,11,2,0,Unfurnished,North-East,75,3.1,8,3,1,25610233
Kolkata,Office,1197,4,2,20,3,0,Unfurnished,South-West,69,4.2,1,3,0,14687327
Hyderabad,Office,417,2,4,29,13,2,Unfurnished,South,75,3.3,5,0,2,6846931
Kolkata,Villa,443,4,4,29,6,1,Unfurnished,West,24,3.4,9,3,1,6977194
Ahmedabad,Office,554,1,4,26,25,3,Unfurnished,South-West,94,4.6,9,3,2,9097529
Mumbai,Villa,3848,4,1,11,7,1,Unfurnished,South,44,7.3,7,3,2,125389628
Pune,Farm,4480,2,4,25,23,0,Unfurnished,South-East,78,1.3,4,3,0,33937195
Ahmedabad,Apartment,1825,4,1,0,15,0,Unfurnished,South-West,36,9.6,4,3,1,16416697
Chennai,Industrial,4720,5,1,25,19,3,Furnished,South-West,97,1.4,7,4,2,61476655
Hyderabad,Farm,4712,3,1,25,14,0,Unfurnished,East,16,8.9,0,4,2,27000725
Delhi,Office,4039,1,2,3,6,3,Unfurnished,North-West,15,9.0,5,4,1,85010303
Pune,Farm,4526,5,1,7,25,3,Unfurnished,North-East,42,5.7,9,0,0,36337047
Pune,Farm,2292,5,3,0,16,1,Semi-Furnished,East,67,2.2,8,2,2,21151066
Mumbai,Farm,1297,2,4,26,21,3,Furnished,North,58,6.1,5,0,0,22183075
Jaipur,Office,3824,3,2,14,21,0,Furnished,North-East,26,6.7,6,4,1,41290537
Pune,Industrial,4940,3,4,17,21,2,Furnished,East,51,8.7,3,0,0,67580763
Bangalore,Commercial,1658,1,1,0,11,2,Unfurnished,West,81,6.0,9,2,1,37503427
Hyderabad,Farm,2415,2,2,10,17,0,Unfurnished,North-East,49,4.7,0,3,0,14537743
Hyderabad,Villa,2102,1,3,22,23,2,Semi-Furnished,North-East,55,8.5,8,1,0,35219405
Bangalore,Office,1273,4,1,1,13,2,Furnished,South,80,9.8,5,4,2,34676029
Surat,Farm,965,5,4,0,14,3,Unfurnished,West,79,6.8,2,4,0,8285462
Bangalore,Industrial,2418,1,3,11,14,2,Furnished,North,77,8.9,3,2,2,39487274
Bangalore,Commercial,2285,5,1,15,4,2,Semi-Furnished,North-West,10,6.4,9,3,1,48039829
Hyderabad,Office,2523,2,3,21,15,2,Semi-Furnished,South-West,88,7.2,5,3,1,38251373
Kolkata,House,2714,4,1,21,4,1,Semi-Furnished,South-East,98,7.2,5,1,2,28256615
Hyderabad,Commercial,4812,2,2,9,1,0,Furnished,East,61,7.3,8,3,0,77899660
Jaipur,Villa,4283,4,1,17,19,3,Unfurnished,South,44,3.9,3,2,1,42739716
Mumbai,Farm,3592,4,2,14,27,2,Unfurnished,East,78,6.2,4,3,1,47862606
Ahmedabad,Industrial,2259,5,1,16,24,0,Semi-Furnished,North,14,6.3,4,2,1,20967604
Kolkata,House,424,2,1,29,8,2,Unfurnished,South-West,26,3.8,2,4,2,5672555
Delhi,Industrial,3903,2,4,9,21,1,Semi-Furnished,North,62,4.1,1,4,1,70479054
Ahmedabad,House,4655,1,3,2,26,1,Furnished,North-East,61,7.9,7,4,1,44403275
Mumbai,Office,1537,2,3,25,8,2,Semi-Furnished,South-East,23,6.2,9,0,1,50761160
Jaipur,House,1589,1,3,29,3,2,Furnished,North,38,2.3,8,4,1,14220468
Jaipur,Villa,4496,3,1,20,14,2,Semi-Furnished,East,17,8.5,9,2,2,51353608
Delhi,Villa,3557,3,1,15,10,1,Unfurnished,West,10,8.9,8,1,2,85069569
Kolkata,Apartment,2767,3,1,5,0,1,Unfurnished,West,38,5.2,4,3,0,21654537
Surat,Villa,4877,2,2,2,17,0,Semi-Furnished,North-East,45,2.9,8,4,1,58050555
Bangalore,Commercial,2141,2,2,8,28,3,Unfurnished,North-West,60,9.5,3,0,2,42894630
Kolkata,House,4088,1,4,10,0,3,Unfurnished,East,46,8.9,1,0,0,40680531
Surat,Villa,4146,4,1,20,7,1,Unfurnished,East,78,3.2,2,2,0,42227905
Jaipur,Office,1297,1,3,12,24,3,Furnished,North,62,1.9,0,1,1,13651927
Hyderabad,Industrial,4423,3,3,17,15,2,Unfurnished,South-East,61,5.0,4,4,0,47552746
Mumbai,Industrial,1116,1,4,25,25,0,Furnished,East,97,7.1,0,4,2,29192111
Delhi,Apartment,4367,4,3,21,27,1,Semi-Furnished,South,92,2.6,0,0,0,64425464
Mumbai,Industrial,4421,2,4,27,21,1,Unfurnished,North-West,21,5.6,6,2,0,97565680
Chennai,House,3615,1,1,23,17,3,Unfurnished,North,61,4.8,1,0,2,43260718
Chennai,Apartment,790,3,3,26,21,2,Unfurnished,South,10,9.0,7,0,0,9714371
Kolkata,House,4284,3,1,21,8,0,Semi-Furnished,North-East,16,4.9,5,1,0,42337897
Jaipur,Office,2099,2,2,3,11,3,Furnished,West,26,5.8,3,2,0,20762733
Jaipur,Apartment,3437,1,3,21,18,1,Furnished,North-East,52,9.6,8,1,0,23175007
Bangalore,Farm,632,4,2,23,24,1,Unfurnished,West,80,3.7,9,2,1,7561061
Bangalore,Commercial,2326,2,3,7,17,3,Semi-Furnished,North-East,26,3.6,7,4,1,48687296
Bangalore,Commercial,3531,1,1,12,26,2,Semi-Furnished,East,68,8.2,9,3,2,75243892
Hyderabad,House,3706,5,4,9,4,0,Semi-Furnished,South,12,3.5,2,3,0,43114837
Ahmedabad,Industrial,3124,3,1,1,26,0,Semi-Furnished,West,38,8.5,2,2,2,25866726
Pune,Farm,633,4,1,7,1,0,Semi-Furnished,North,31,1.9,3,3,1,6688649
Ahmedabad,Apartment,1791,4,1,5,6,0,Furnished,South,47,2.0,8,0,0,15083880
Mumbai,Farm,3292,4,3,15,26,2,Furnished,North,63,9.1,8,4,0,48644313
Ahmedabad,Farm,1655,3,4,17,9,1,Furnished,South,59,5.9,4,4,1,11764505
Hyderabad,Industrial,2938,1,2,16,14,1,Unfurnished,South,78,7.5,8,3,0,27315651
Mumbai,Apartment,4090,2,1,5,24,0,Semi-Furnished,North-East,39,3.0,5,2,0,73076204
Ahmedabad,Office,1289,1,3,12,6,0,Unfurnished,West,32,2.5,7,0,1,15305354
Hyderabad,Industrial,1145,2,2,22,27,0,Semi-Furnished,West,94,8.5,7,2,2,14814183
Pune,Farm,2119,4,1,13,4,3,Furnished,South-East,99,4.2,9,3,2,19544904
Ahmedabad,Farm,827,1,2,29,14,3,Unfurnished,South,56,5.1,6,4,0,5276319
Hyderabad,Office,1131,4,1,25,19,1,Furnished,East,30,1.3,3,4,1,16937623
Bangalore,Farm,1199,5,2,20,27,1,Semi-Furnished,East,29,4.5,3,2,2,13489266
Jaipur,Farm,4697,4,2,29,19,0,Semi-Furnished,North,32,7.9,5,1,2,21905571
Bangalore,Farm,1235,4,4,9,14,3,Semi-Furnished,North,77,8.4,8,2,0,14571976
Jaipur,Commercial,534,2,4,23,9,2,Furnished,North-East,30,7.3,6,1,2,7988279
Delhi,Industrial,2938,5,1,10,23,3,Semi-Furnished,South,30,7.2,4,2,1,55018147
Delhi,Villa,4118,4,3,12,25,1,Furnished,North,10,5.6,4,1,2,117481432
Delhi,Industrial,440,4,4,11,28,3,Unfurnished,North,24,5.8,7,1,1,10440786
Pune,Office,3767,5,2,8,25,1,Semi-Furnished,North-West,26,7.7,5,1,1,67096729
Bangalore,Farm,2815,5,4,3,13,0,Semi-Furnished,South,60,3.2,0,1,0,28212927
Jaipur,Industrial,2440,1,4,6,25,2,Semi-Furnished,South-West,72,3.1,0,0,2,20704887
Hyderabad,Commercial,4739,2,1,23,25,0,Unfurnished,North-East,23,9.5,8,1,0,62791022
Mumbai,Office,3349,5,4,28,9,0,Semi-Furnished,North,68,1.2,7,1,2,97855992
Hyderabad,House,4661,5,4,21,16,2,Furnished,North-East,92,2.3,5,4,0,57731068
Mumbai,Industrial,3866,3,2,1,20,2,Furnished,West,59,6.1,0,0,0,104614736
Chennai,House,3488,5,4,6,13,2,Semi-Furnished,North-East,43,7.6,1,1,0,45329777
Hyderabad,Farm,1515,2,2,28,1,1,Semi-Furnished,South-West,15,5.8,9,3,2,10005442
Ahmedabad,Commercial,4978,4,4,8,15,0,Unfurnished,East,58,4.2,2,0,0,55449722
Ahmedabad,Commercial,2990,4,4,4,12,1,Unfurnished,South-West,15,9.8,9,4,1,34953081
Kolkata,Industrial,3973,4,3,14,26,2,Unfurnished,East,78,7.3,2,2,2,37663026
Bangalore,Office,3378,4,4,17,8,1,Semi-Furnished,North-East,16,8.5,1,4,1,68977575
Mumbai,Office,2847,3,2,3,6,2,Unfurnished,East,86,1.4,1,4,0,76721199
Mumbai,Commercial,1630,5,2,18,15,3,Unfurnished,West,60,3.1,5,0,0,48620899
Bangalore,Office,3066,4,1,19,9,2,Furnished,South,10,4.4,6,0,1,64282766
Pune,Commercial,4658,1,1,25,23,0,Unfurnished,East,22,2.6,3,3,0,79993631
Kolkata,Industrial,2994,4,3,6,21,0,Furnished,East,52,1.7,0,3,2,31729741
Pune,Villa,3830,5,2,25,8,0,Furnished,North-East,36,3.0,5,0,1,81281598
Pune,Commercial,3317,4,2,7,21,1,Unfurnished,West,80,5.8,6,0,2,53395110
Pune,House,3352,3,2,16,22,0,Furnished,South-East,12,7.3,3,0,2,54602217
Bangalore,Office,2395,2,3,12,6,2,Semi-Furnished,South-East,67,8.0,5,2,2,49426316
Pune,Commercial,4291,2,2,23,15,3,Semi-Furnished,South-East,98,1.4,8,4,0,70774314
Ahmedabad,Commercial,706,5,1,20,8,0,Unfurnished,South-East,26,4.9,3,3,0,9796728
Delhi,Industrial,1762,2,3,27,26,1,Semi-Furnished,South,54,2.1,9,3,1,33491983
Chennai,Office,2502,2,1,22,23,3,Furnished,South-West,87,4.9,3,1,1,39802543
Mumbai,Villa,3430,1,1,10,28,0,Semi-Furnished,North-East,67,4.9,9,2,2,119591542
Mumbai,Industrial,732,5,3,26,16,0,Unfurnished,North-East,65,5.5,4,0,0,17316096
Chennai,Villa,3152,5,4,0,19,3,Unfurnished,North-West,63,9.0,2,0,0,59512159
Bangalore,Industrial,642,2,4,1,6,0,Furnished,West,96,8.2,9,2,0,14529218
Hyderabad,Office,2284,2,1,16,10,1,Unfurnished,South-East,97,6.7,1,3,1,30310834
Bangalore,Apartment,1832,2,4,4,7,2,Semi-Furnished,South,38,9.0,8,0,0,28376533
Mumbai,Office,2950,3,2,29,6,2,Unfurnished,West,63,7.1,0,1,2,77307133
Mumbai,Office,702,4,3,29,27,3,Furnished,South-East,36,8.4,4,3,2,26164230
Chennai,Villa,4730,3,1,5,18,2,Unfurnished,South,54,6.1,4,4,2,82416048
Pune,Villa,3509,5,2,25,19,0,Semi-Furnished,West,96,5.7,7,2,0,67893665
Bangalore,Office,2586,1,4,24,11,0,Furnished,North-East,40,7.5,5,3,2,55046105
Jaipur,Office,4690,4,2,23,6,1,Semi-Furnished,North-East,45,1.2,5,4,2,44338437
Chennai,Office,1950,1,4,6,7,2,Furnished,South-West,90,7.2,5,1,1,34656424
Ahmedabad,Villa,2192,5,1,27,6,3,Unfurnished,North,70,9.4,3,2,1,26377046
Mumbai,Office,1046,5,2,20,5,0,Furnished,South-West,46,7.4,0,0,0,37271500
Chennai,Office,1112,1,3,29,24,3,Furnished,East,76,1.3,2,0,0,19196356
Bangalore,Farm,4908,1,1,14,8,0,Unfurnished,South-West,45,4.4,9,4,0,42120802
Mumbai,Apartment,937,1,2,18,26,0,Semi-Furnished,South-East,14,8.3,5,3,0,19011188
Hyderabad,House,634,5,2,15,12,1,Unfurnished,North-West,55,9.6,4,1,0,10078760
Chennai,Apartment,2796,2,4,24,6,2,Furnished,West,88,4.3,9,4,1,31947330
Kolkata,Farm,1904,1,1,12,7,1,Unfurnished,North-West,61,8.6,0,1,1,11771684
Mumbai,House,1774,4,1,4,21,2,Furnished,North,58,8.8,4,1,1,53029955
Bangalore,Industrial,4911,5,1,2,16,3,Unfurnished,East,15,2.1,1,1,2,78248161
Delhi,Office,2309,3,1,2,16,2,Unfurnished,West,19,8.6,0,2,2,54240033
Jaipur,Farm,1315,3,4,18,15,3,Semi-Furnished,South,32,3.9,3,4,1,7621850
Surat,Industrial,4358,4,3,13,21,0,Furnished,South-East,26,6.3,5,2,1,37795448
Pune,Office,480,2,1,15,1,3,Semi-Furnished,East,93,5.9,6,3,0,9852280
Surat,Villa,2483,1,4,21,29,3,Furnished,North-East,53,7.0,8,3,1,37852291
Bangalore,Commercial,3088,5,3,16,7,0,Unfurnished,North,50,7.7,4,0,0,61143224
Ahmedabad,Farm,2090,1,3,26,16,3,Furnished,East,24,5.0,7,0,1,12814436
Ahmedabad,Villa,1156,5,4,3,12,3,Semi-Furnished,South-East,53,9.0,7,0,0,19041724
Delhi,Farm,3070,3,1,12,17,0,Semi-Furnished,South-West,67,8.3,8,3,1,33992544
Pune,Farm,4151,1,3,7,23,0,Semi-Furnished,East,95,8.1,2,1,0,34544465
Kolkata,Villa,3952,4,1,18,27,0,Furnished,South-West,59,5.1,2,1,2,59956356
Delhi,House,867,2,1,4,21,2,Semi-Furnished,South-East,61,1.3,8,4,2,20844416
Surat,Apartment,1894,4,2,1,27,0,Semi-Furnished,North-East,79,5.4,6,3,0,14708110
Delhi,Office,1419,2,1,14,9,0,Semi-Furnished,West,77,9.1,3,0,0,37106823
Surat,Farm,1301,1,2,1,1,3,Unfurnished,South,72,2.7,0,3,2,7775778
Mumbai,Office,1072,1,3,10,1,1,Unfurnished,North-East,67,9.8,6,1,1,32433149
Ahmedabad,Commercial,838,2,4,12,26,1,Furnished,South-West,32,8.3,9,1,0,13090674
Mumbai,Villa,4622,3,2,22,13,2,Furnished,South-West,53,7.4,5,2,1,165269195
Jaipur,Office,2476,5,4,9,15,2,Semi-Furnished,South,92,7.1,2,2,2,26597140
Pune,Villa,844,4,3,2,6,1,Unfurnished,West,53,6.3,4,4,2,18602859
Kolkata,Office,1365,4,1,4,20,1,Semi-Furnished,East,61,7.5,2,3,0,18749347
Surat,Apartment,4190,4,3,2,20,0,Semi-Furnished,South,76,4.8,7,2,1,28703045
Kolkata,Apartment,863,1,4,5,23,3,Unfurnished,North,37,8.6,4,2,2,9836533
Surat,Apartment,2598,4,3,12,11,0,Unfurnished,North,76,7.3,9,3,1,18604995
Bangalore,Apartment,2687,5,1,9,27,2,Unfurnished,South-East,87,7.9,9,1,2,37765865
Delhi,Apartment,4165,5,3,18,22,1,Furnished,North-East,27,8.1,5,4,0,71266824
Jaipur,Apartment,3576,2,1,7,27,2,Furnished,South-West,36,1.8,1,4,1,24777473
Ahmedabad,Villa,4408,1,2,17,13,0,Semi-Furnished,West,60,1.5,7,4,1,54559070
Surat,Farm,3904,5,4,2,24,2,Furnished,South-East,69,8.2,8,2,0,23678368
Kolkata,Office,1312,3,1,23,3,2,Unfurnished,North-East,83,3.3,2,1,0,14952368
Jaipur,Apartment,896,1,1,23,25,3,Unfurnished,North-East,58,6.2,5,4,0,7113561
Hyderabad,Villa,1863,1,3,16,3,2,Furnished,South-East,24,5.0,5,3,0,35481890
Hyderabad,Villa,4653,5,2,7,17,0,Semi-Furnished,North-West,92,1.2,1,4,2,75346851
Mumbai,Villa,4667,3,1,9,2,3,Semi-Furnished,North-East,82,1.4,9,0,1,176380318
Ahmedabad,Farm,893,2,2,1,0,2,Furnished,North-West,77,8.4,7,1,2,8169133
Bangalore,Office,1826,5,2,11,16,0,Semi-Furnished,North,24,6.5,4,0,0,36846989
Kolkata,Farm,2092,3,3,22,6,1,Semi-Furnished,North,60,5.7,7,1,2,12747837
Delhi,House,2193,1,1,5,29,3,Semi-Furnished,North-East,57,9.5,7,3,2,46875307
Delhi,Industrial,3123,3,3,1,15,2,Unfurnished,North,81,2.6,2,2,1,54518964
Kolkata,Villa,1058,1,4,20,29,2,Unfurnished,West,10,3.3,4,2,1,14947523
Pune,House,4862,5,4,22,4,3,Furnished,North-West,16,7.8,6,1,1,68314509
Bangalore,Commercial,949,5,1,23,18,0,Unfurnished,North-West,62,8.0,4,4,0,22260940
Jaipur,Apartment,1042,4,2,2,6,2,Semi-Furnished,North-East,40,4.6,5,0,0,8373942
Surat,Industrial,4750,4,1,16,13,0,Unfurnished,North,27,9.6,1,3,1,39573003
Pune,Apartment,607,4,1,28,1,3,Furnished,South,21,9.4,7,4,2,9698600
Surat,Farm,2897,5,4,6,2,2,Unfurnished,South-West,57,1.1,4,2,1,15212375
Surat,Industrial,4590,2,4,28,16,1,Semi-Furnished,South-East,39,2.6,5,4,0,36018712
Pune,Office,2283,5,2,20,15,1,Semi-Furnished,South-East,16,8.4,0,0,2,39499638
Mumbai,House,3286,3,2,4,7,1,Furnished,North-West,12,4.0,9,2,0,86082487
Hyderabad,Office,877,5,1,22,17,3,Unfurnished,North-East,72,1.9,1,1,1,13301456
Surat,Farm,1161,5,3,0,14,2,Unfurnished,North-East,15,8.1,3,3,1,8713392
Pune,Apartment,589,1,1,7,6,3,Unfurnished,West,24,5.1,8,3,2,8992809
Pune,Industrial,1155,1,2,11,26,2,Semi-Furnished,East,80,5.4,5,2,1,16131997
Chennai,Office,1846,1,3,13,8,1,Furnished,South-West,52,2.7,7,1,0,28862606
Mumbai,Office,2063,5,4,15,5,1,Unfurnished,East,90,6.9,1,0,0,59267625
Ahmedabad,Apartment,2235,2,2,9,17,0,Semi-Furnished,North-West,27,6.0,9,3,0,17494559
Chennai,Industrial,4628,3,2,14,17,3,Semi-Furnished,South-East,31,2.9,4,2,2,56349984
Chennai,House,4550,3,3,20,24,3,Semi-Furnished,West,70,4.1,0,3,0,58775525
Kolkata,Apartment,4460,2,2,23,25,0,Unfurnished,West,70,6.4,3,1,1,36299869
Hyderabad,Office,4012,2,2,25,23,1,Unfurnished,West,62,9.3,9,0,2,52469284
Pune,House,2089,3,2,14,13,1,Unfurnished,North-West,35,9.3,0,1,0,28809942
Hyderabad,House,1716,4,2,9,13,3,Unfurnished,East,49,3.6,8,4,0,20333586
Bangalore,Apartment,3586,1,2,20,13,2,Unfurnished,South-East,97,7.6,1,1,1,47896943
Kolkata,Office,4420,1,2,27,24,1,Unfurnished,West,17,8.0,6,1,1,44604437
Ahmedabad,Farm,4754,3,2,6,3,0,Unfurnished,South-East,30,8.3,2,3,2,25242271
Hyderabad,Office,1545,2,2,25,3,0,Unfurnished,North,52,6.1,1,1,0,18209108
Delhi,Villa,4794,4,4,2,14,0,Unfurnished,North-East,30,1.1,3,2,0,129772987
Surat,Industrial,960,3,2,1,14,3,Semi-Furnished,North-East,12,7.9,6,3,1,10725680
Bangalore,Commercial,2312,1,4,5,17,3,Unfurnished,South-East,40,2.0,6,3,2,48586011
Mumbai,Farm,2264,5,4,20,13,3,Furnished,South,36,2.1,8,4,1,35626490
Ahmedabad,House,696,2,1,8,25,3,Semi-Furnished,South,36,6.5,2,2,1,8553055
Bangalore,Farm,2809,5,1,9,0,0,Unfurnished,North-West,82,9.9,6,1,2,27988893
Surat,Industrial,3036,3,4,3,9,0,Furnished,North-West,66,3.2,5,4,0,26641912
Kolkata,House,1861,1,4,26,28,3,Unfurnished,North-East,42,6.8,9,2,0,20141495
Surat,Industrial,4692,4,2,2,19,3,Furnished,North,99,3.7,6,4,0,40313528
Chennai,House,2668,5,1,8,9,0,Furnished,South-West,53,9.1,6,0,2,39874784
Surat,Farm,1394,4,3,23,9,3,Furnished,East,52,6.3,9,1,2,9757040
Chennai,House,407,1,1,21,26,3,Furnished,East,40,2.9,4,4,2,7478853
Kolkata,House,2991,5,4,16,23,3,Semi-Furnished,North-West,74,3.4,8,0,2,34420333
Jaipur,Villa,2915,4,4,13,1,3,Semi-Furnished,North,93,4.9,6,1,2,33567627
Chennai,Office,4815,4,2,9,28,1,Furnished,North-West,85,2.1,6,4,1,76309414
Mumbai,Office,1817,5,2,12,27,3,Unfurnished,South-West,26,1.7,2,4,0,52496640
Surat,Commercial,2716,1,1,11,26,0,Furnished,East,24,7.1,0,4,2,30245449
Surat,Commercial,4332,4,2,26,7,0,Semi-Furnished,South-East,43,4.7,4,4,0,50534912
Mumbai,Villa,1687,3,3,0,0,0,Unfurnished,North-West,89,7.5,7,3,2,55152976
Delhi,Commercial,3244,5,3,27,0,0,Semi-Furnished,West,13,2.0,4,4,0,79261969
Pune,Industrial,1518,2,2,21,3,3,Semi-Furnished,South-East,81,6.5,9,3,1,21652766
Jaipur,Farm,952,2,3,28,6,1,Unfurnished,South-West,98,5.0,2,3,0,5162941
Ahmedabad,Apartment,1060,1,3,18,8,2,Furnished,South-West,88,1.5,8,0,0,9209707
Chennai,Industrial,1115,3,1,18,15,2,Furnished,North-West,37,5.9,1,1,2,15681336
Mumbai,Apartment,3985,4,3,5,4,2,Furnished,North-East,82,1.7,2,3,0,76889979
Kolkata,Apartment,4161,2,4,12,1,2,Furnished,North-West,11,8.4,3,2,1,32751220
Chennai,Villa,2929,1,4,18,27,0,Unfurnished,North-East,26,6.7,9,3,1,49488741
Pune,Industrial,4370,3,1,12,22,3,Unfurnished,South-West,67,6.0,0,2,1,59137081
Kolkata,Villa,3807,3,2,26,10,3,Unfurnished,North,83,2.2,3,0,2,45556806
Bangalore,House,1858,1,1,25,17,2,Semi-Furnished,South-West,18,3.6,3,2,2,34777684
Surat,Apartment,3667,1,2,21,24,2,Unfurnished,East,40,5.4,8,0,2,25707085
Bangalore,Farm,1254,4,2,20,24,1,Furnished,South-East,75,6.7,7,0,2,14280951
Chennai,Commercial,3937,1,2,3,18,1,Semi-Furnished,South-East,97,2.6,1,0,2,58628795
Pune,Farm,2297,4,2,23,12,1,Furnished,South,71,1.1,6,2,1,19139981
Jaipur,Commercial,672,4,2,1,23,0,Furnished,South,28,4.1,5,2,0,9749382
Chennai,Apartment,4487,5,1,14,10,3,Unfurnished,South-West,90,5.3,6,0,1,43256071
Mumbai,Apartment,1672,3,2,11,19,0,Unfurnished,East,83,2.7,3,0,2,32333920
Hyderabad,Apartment,4774,3,3,29,18,0,Furnished,South,64,5.4,4,1,1,44469714
Chennai,Villa,4419,3,3,26,16,3,Furnished,South-East,37,4.0,5,0,0,84638393
Surat,Industrial,1215,5,2,6,4,1,Semi-Furnished,North-West,59,5.1,8,4,2,13268461
Surat,Commercial,4771,4,3,19,12,3,Unfurnished,North,74,4.1,1,1,1,47867792
Chennai,Industrial,1322,4,4,17,29,2,Semi-Furnished,North,12,6.7,8,1,1,17748261
Kolkata,Villa,1664,1,1,22,26,1,Semi-Furnished,East,88,1.4,9,1,0,24481751
Hyderabad,Villa,4124,5,1,12,19,3,Semi-Furnished,South-West,61,2.5,0,4,2,64750242
Mumbai,Office,3187,1,2,16,0,0,Furnished,South,19,4.9,3,1,2,102982167
Chennai,Farm,3122,5,2,3,9,3,Semi-Furnished,North-West,30,4.2,4,1,0,23364740
Kolkata,Farm,4623,1,4,24,7,1,Semi-Furnished,North,46,4.5,8,2,0,26367197
Surat,House,2950,2,2,13,23,2,Furnished,North,24,8.2,5,2,0,30959660
Surat,Villa,3349,3,3,19,28,0,Unfurnished,West,96,9.0,3,0,0,41272243
Pune,Commercial,2073,3,4,27,7,2,Unfurnished,South-West,87,3.2,1,0,2,33930169
Chennai,Office,4987,4,3,12,18,2,Semi-Furnished,West,88,8.5,4,3,2,72683806
Hyderabad,Office,3492,2,1,2,5,0,Furnished,South-East,83,5.1,7,4,1,53112810
Delhi,Industrial,3238,3,3,25,11,3,Unfurnished,North,18,3.5,7,2,1,56071763
Hyderabad,Farm,2066,4,1,25,27,3,Semi-Furnished,East,53,9.9,5,0,1,15331815
Surat,Villa,4911,2,3,17,6,2,Semi-Furnished,North-East,48,8.4,0,4,2,56410179
Surat,House,2595,3,1,13,15,3,Furnished,North-East,14,9.9,7,1,2,28701637
Bangalore,Villa,1784,1,2,14,8,1,Semi-Furnished,North-West,34,2.5,3,4,2,44359796
Surat,Industrial,4803,5,3,2,20,2,Unfurnished,North,65,2.3,1,2,1,37636359
Mumbai,Apartment,4354,2,1,0,24,2,Furnished,North,99,5.5,0,3,0,90200016
Ahmedabad,Villa,3299,4,3,25,21,2,Unfurnished,South-East,73,6.7,6,2,0,39787310
Chennai,Industrial,460,2,4,23,9,1,Unfurnished,North,81,2.5,1,0,0,5907092
Hyderabad,Apartment,4347,4,2,16,9,2,Unfurnished,East,95,8.7,3,0,0,38200729
Ahmedabad,Apartment,2690,2,1,2,9,3,Semi-Furnished,West,61,5.8,3,4,0,20213349
Kolkata,House,872,4,4,13,19,3,Semi-Furnished,North,98,4.7,9,2,2,11540930
Delhi,Commercial,1358,3,3,2,28,3,Unfurnished,North,85,6.4,0,0,1,34330385
Mumbai,Farm,932,1,4,12,15,3,Unfurnished,South-East,18,6.7,1,1,0,14467765
Hyderabad,Villa,893,3,3,14,0,2,Furnished,South-West,19,1.4,0,1,0,15730939
Ahmedabad,Apartment,481,1,2,17,16,1,Furnished,South,19,10.0,5,3,0,5787404
Delhi,Villa,3370,3,4,13,29,0,Semi-Furnished,South-West,82,4.3,2,4,2,87240914
Bangalore,Commercial,411,3,2,20,25,3,Semi-Furnished,South-East,71,1.6,0,0,0,9567545
Mumbai,Farm,4944,2,1,25,20,0,Furnished,South-West,99,8.7,7,3,1,77436530
Mumbai,Commercial,1161,5,3,2,28,0,Unfurnished,South-East,69,9.9,3,1,2,35747132
Bangalore,Farm,3585,4,3,18,13,2,Semi-Furnished,East,28,8.3,9,3,2,38303336
Chennai,Office,425,4,2,7,18,3,Unfurnished,North-West,47,8.7,6,3,2,10100280
Bangalore,Farm,2206,4,2,3,20,3,Furnished,North,15,6.6,9,0,0,22763856
Mumbai,House,4557,1,1,3,20,3,Semi-Furnished,South-East,24,9.3,1,0,0,117617323
Mumbai,Commercial,4724,4,4,18,16,0,Semi-Furnished,South-East,56,1.3,5,0,0,147608431
Ahmedabad,Apartment,4059,4,3,10,13,3,Furnished,South,54,7.9,5,4,0,33066318
Surat,Office,1925,2,3,0,7,3,Semi-Furnished,South-East,14,7.0,6,3,1,22521529
Delhi,House,1160,3,1,7,20,1,Furnished,North-East,87,1.4,0,3,2,26031220
Bangalore,Villa,994,4,1,14,20,2,Semi-Furnished,North-West,62,5.9,0,4,0,25953925
Delhi,Commercial,1455,5,2,0,8,3,Furnished,North,75,5.6,1,1,1,40944473
Bangalore,Industrial,2254,4,2,6,7,3,Semi-Furnished,North,71,7.2,1,2,2,37151124
Kolkata,Industrial,3483,1,4,20,12,2,Unfurnished,South,32,1.7,4,1,2,32881231
Mumbai,Apartment,4316,1,1,19,16,2,Unfurnished,East,53,8.2,0,4,2,84178641
Surat,Farm,4075,1,4,19,18,0,Unfurnished,North,61,2.3,1,3,0,17234718
Ahmedabad,Apartment,2448,4,1,23,27,0,Semi-Furnished,North-East,55,4.8,5,3,2,19720591
Surat,Industrial,1858,2,3,10,6,0,Semi-Furnished,North,28,8.9,2,0,0,17516381
Surat,Villa,1619,5,1,26,16,2,Unfurnished,North-East,97,6.0,3,0,1,21262253
Surat,Office,4628,4,1,28,0,1,Unfurnished,North-West,93,4.4,0,3,2,41299715
Delhi,Office,4581,2,3,13,4,3,Furnished,North-West,56,1.4,4,3,1,121457031
Bangalore,Commercial,1899,2,1,21,24,2,Furnished,West,61,7.1,3,0,0,45962277
Jaipur,Office,2230,4,4,15,5,1,Furnished,West,33,9.9,7,0,0,22653707
Kolkata,Commercial,3795,4,2,13,25,2,Unfurnished,North-East,26,9.2,2,1,0,46067436
Hyderabad,Commercial,1603,2,2,11,1,1,Unfurnished,East,98,7.5,9,3,2,24218316
Surat,Commercial,4670,2,4,16,26,2,Unfurnished,North,55,1.9,0,3,2,44764410
Chennai,Industrial,3210,2,3,13,24,2,Furnished,South-East,73,3.2,9,4,1,44366119
Delhi,Industrial,3492,4,1,9,15,1,Semi-Furnished,North,37,2.7,4,1,0,71235649
Ahmedabad,Farm,3444,2,4,23,21,1,Unfurnished,West,59,4.2,0,2,1,18678762
Hyderabad,House,3914,1,2,28,4,1,Semi-Furnished,South-West,73,3.1,4,2,0,43550781
Jaipur,Commercial,2198,4,2,13,4,1,Semi-Furnished,South-East,37,3.2,8,2,0,21842838
Chennai,Commercial,2975,1,4,17,11,1,Semi-Furnished,North-East,95,6.6,4,0,1,47951619
Jaipur,House,544,3,2,21,2,1,Furnished,South-East,65,3.9,1,2,0,5282268
Hyderabad,Apartment,4326,4,4,8,29,1,Semi-Furnished,South-West,68,7.1,1,4,1,39272737
Surat,Commercial,1777,3,2,16,15,1,Unfurnished,North,14,9.5,9,0,2,18222399
Chennai,Farm,3546,2,4,5,5,2,Furnished,North,63,6.7,8,0,1,29334596
Jaipur,Office,2225,2,1,7,14,1,Unfurnished,East,53,7.8,4,2,1,20813984
Ahmedabad,Office,1193,5,1,25,14,1,Unfurnished,South,51,7.8,7,0,0,14254032
Bangalore,Villa,2001,2,1,12,28,2,Furnished,South-East,81,4.0,9,1,1,52894714
Mumbai,Villa,4814,3,1,17,15,2,Unfurnished,West,66,1.1,3,1,2,149918360
Bangalore,Office,1510,2,2,4,19,0,Unfurnished,South-West,56,1.5,1,2,2,29760370
Hyderabad,Office,4453,4,3,5,12,0,Furnished,South-West,85,3.5,3,4,2,62373987
Delhi,Industrial,4337,2,4,20,11,1,Unfurnished,South-West,34,7.2,3,0,2,81361194
Mumbai,Farm,4363,5,3,18,9,1,Semi-Furnished,West,53,9.2,8,3,1,58549482
Kolkata,House,1182,2,2,3,13,0,Unfurnished,South,24,9.6,9,2,2,14028541
Ahmedabad,Villa,1516,3,2,6,1,0,Semi-Furnished,North,60,1.2,5,0,1,19161134
Kolkata,Industrial,2150,3,3,3,28,3,Unfurnished,East,62,9.9,9,2,1,21550469
Chennai,Industrial,2976,2,3,24,2,3,Furnished,East,43,3.9,5,2,0,38239313
Mumbai,House,4427,3,2,10,8,1,Furnished,West,86,8.6,4,4,1,114740625
Kolkata,Industrial,3736,3,2,11,10,3,Unfurnished,East,17,2.6,5,3,1,33331292
Kolkata,Farm,4787,5,4,13,10,0,Furnished,South-West,86,1.6,0,0,0,29311713
Jaipur,Office,1887,4,1,12,24,1,Unfurnished,North-West,79,4.4,4,2,2,18355525
Bangalore,Commercial,4275,5,1,28,21,2,Furnished,South,30,8.7,5,2,2,86749143
Jaipur,House,4031,1,4,9,9,2,Semi-Furnished,North,16,3.0,7,0,1,34307924
Mumbai,Office,4592,5,3,17,25,0,Unfurnished,North-West,99,2.4,3,2,0,128033126
Mumbai,Office,4358,2,2,15,13,3,Semi-Furnished,South,88,9.2,4,2,1,128484335
Hyderabad,Apartment,3797,4,3,4,8,2,Semi-Furnished,North-East,65,9.4,3,2,1,35265802
Jaipur,House,473,2,1,7,19,3,Unfurnished,South-East,58,1.1,6,1,2,6229688
Pune,Industrial,1759,1,1,13,26,2,Semi-Furnished,West,51,7.5,9,1,0,25966673
Bangalore,Commercial,1491,4,3,4,20,3,Unfurnished,South-West,32,3.8,5,3,1,33762997
Mumbai,House,2341,3,1,25,9,2,Semi-Furnished,East,61,4.4,3,4,2,60373806
Hyderabad,Industrial,3548,5,2,27,21,2,Unfurnished,North-East,88,5.2,5,0,1,34092022
Jaipur,Office,4703,2,4,23,28,1,Unfurnished,East,62,4.8,3,4,2,42381288
Bangalore,Commercial,1644,1,3,7,8,1,Furnished,North-West,25,5.6,7,4,0,38988987
Jaipur,Industrial,1685,3,2,24,28,0,Unfurnished,North,46,6.2,2,1,1,12838863
Kolkata,Farm,4905,5,2,25,4,2,Unfurnished,North,27,5.2,7,3,0,24870715
Hyderabad,Industrial,3436,3,1,5,7,3,Semi-Furnished,North,29,7.3,1,4,2,38985427
Bangalore,Apartment,1170,5,2,15,10,2,Unfurnished,South-West,55,7.5,5,4,0,16995311
Surat,Office,2243,4,3,27,0,3,Furnished,East,11,5.0,7,2,0,24247664
Chennai,Industrial,473,3,2,3,20,3,Semi-Furnished,North-East,96,2.3,0,0,0,8548485
Chennai,Villa,2060,3,4,11,9,2,Semi-Furnished,North,72,6.8,5,3,1,39514272
Bangalore,Villa,4749,3,2,10,0,3,Furnished,North-East,12,8.0,8,0,2,123603565
Jaipur,Apartment,1219,4,2,2,25,0,Semi-Furnished,East,55,6.7,9,1,0,11139385
Hyderabad,Farm,4218,1,4,11,29,1,Semi-Furnished,South-West,58,6.3,9,4,1,28642291
Chennai,Office,731,5,2,29,21,3,Semi-Furnished,North-West,10,3.1,1,4,2,12230630
Hyderabad,House,1821,3,2,4,6,2,Semi-Furnished,South-West,31,6.8,0,0,2,22297344
Chennai,Apartment,4055,4,1,5,27,1,Furnished,North-East,23,4.0,1,1,2,46672008
Kolkata,Farm,2091,1,3,18,13,0,Furnished,South-West,94,9.3,4,2,0,14435102
Jaipur,House,4950,5,1,17,4,3,Semi-Furnished,South-West,54,6.9,5,2,0,40582993
Kolkata,Villa,4808,4,3,15,16,3,Semi-Furnished,North-West,15,3.5,0,4,0,62066240
Chennai,Villa,627,5,4,22,21,1,Furnished,East,74,5.3,6,4,2,15761964
Surat,House,3281,3,4,10,25,3,Furnished,East,30,8.6,3,3,2,33451474
Surat,Apartment,3265,1,4,4,20,2,Furnished,West,13,4.0,8,0,0,25640232
Kolkata,Villa,2975,4,3,8,5,1,Semi-Furnished,South-West,12,5.7,5,4,0,40107370
Surat,Office,4922,1,3,2,15,1,Semi-Furnished,East,39,7.1,8,1,2,54753525
Chennai,Commercial,864,3,3,29,10,3,Unfurnished,East,40,7.8,0,0,2,14792415
Bangalore,Industrial,677,1,4,7,9,0,Furnished,South,43,2.6,3,3,1,12754168
Kolkata,House,4514,1,3,5,14,0,Semi-Furnished,North,92,6.1,1,2,1,47162361
Delhi,House,465,2,2,3,6,0,Furnished,West,29,9.2,5,3,0,12908478
Jaipur,Villa,4662,1,1,11,22,0,Semi-Furnished,South-East,96,9.7,3,0,2,53191028
Surat,Apartment,802,5,4,11,1,1,Furnished,West,63,6.9,8,2,2,8622467
Surat,Office,4383,4,1,24,11,1,Semi-Furnished,West,34,9.9,2,1,1,46233041
Mumbai,Apartment,4904,2,2,20,18,3,Unfurnished,South-East,24,6.1,0,2,2,89093800
Pune,Farm,3878,4,3,15,11,0,Unfurnished,South,47,5.0,0,2,0,28947686
Kolkata,Farm,3844,4,1,9,15,0,Furnished,South-West,32,6.0,8,1,1,21706157
Ahmedabad,Commercial,4819,3,2,21,5,3,Semi-Furnished,North-West,61,2.0,8,4,2,53624696
Surat,Villa,3439,3,2,13,2,3,Semi-Furnished,East,75,4.6,4,4,2,40859215
Jaipur,Villa,1837,2,1,12,1,3,Furnished,North,66,5.1,1,2,0,23108414
Delhi,Villa,828,3,4,8,19,2,Semi-Furnished,North-East,66,8.6,8,2,2,25472214
Surat,Commercial,3082,3,1,6,4,3,Furnished,South-West,88,7.8,7,3,1,34455160
Delhi,Farm,3177,3,4,11,10,3,Semi-Furnished,South-East,61,6.4,9,4,1,36668008
Chennai,Apartment,3778,4,3,4,25,2,Furnished,North-West,44,4.1,9,1,2,42478660
Chennai,Commercial,792,2,4,17,24,0,Semi-Furnished,South-West,83,2.7,5,2,2,13947750
Pune,Commercial,4941,4,3,3,2,1,Furnished,South-East,23,4.1,6,2,2,94275180
Bangalore,Apartment,741,5,1,1,2,0,Semi-Furnished,East,23,7.1,5,3,2,11584987
Ahmedabad,Villa,532,4,3,2,21,1,Unfurnished,South,42,3.4,4,3,1,9758013
Mumbai,Office,664,5,2,25,4,1,Semi-Furnished,South-West,61,4.8,3,3,0,20272398
Pune,Apartment,4588,1,3,11,21,3,Furnished,South-East,10,4.5,6,0,1,54380358
Hyderabad,Farm,2085,1,4,2,22,3,Unfurnished,East,43,7.9,3,1,2,16255182
Mumbai,House,1834,5,4,3,10,2,Semi-Furnished,East,28,9.0,9,0,2,48126526
Kolkata,House,2060,5,4,5,2,0,Unfurnished,South,33,7.3,9,2,1,22412151
Jaipur,Industrial,4217,4,3,11,12,0,Semi-Furnished,West,13,4.1,9,3,1,31597853
Hyderabad,Industrial,2754,5,4,18,20,1,Unfurnished,South-West,45,4.9,8,3,2,34694375
Hyderabad,Commercial,665,2,4,9,7,3,Furnished,South-West,86,2.3,4,3,1,12614502
Pune,House,1536,1,2,29,19,3,Semi-Furnished,West,67,2.5,7,4,2,21608495
Bangalore,Office,4949,1,3,0,9,0,Semi-Furnished,North,41,2.5,5,1,1,103884318
Pune,Villa,1790,5,2,16,1,2,Furnished,North,18,2.2,3,0,2,40984386
Kolkata,Farm,1512,3,4,15,3,3,Unfurnished,West,89,2.6,2,1,1,9535187
Surat,Industrial,2634,3,4,8,17,2,Furnished,North-West,76,2.8,5,3,2,24560465
Surat,Office,3266,5,4,24,18,0,Furnished,North-East,29,2.0,0,2,0,32817119
Bangalore,Farm,3468,2,3,20,3,0,Unfurnished,East,83,6.8,1,4,0,31387639
Kolkata,Farm,2579,3,1,8,19,2,Furnished,North-East,71,9.9,6,1,1,17607507
Bangalore,Villa,1034,5,4,26,25,3,Semi-Furnished,East,67,8.9,3,2,0,25554993
Delhi,Commercial,4031,2,4,22,8,0,Semi-Furnished,West,31,1.4,4,3,2,99882061
Surat,House,1799,2,4,8,15,1,Semi-Furnished,North,76,4.8,9,3,1,19200614
Hyderabad,Villa,3139,4,4,11,25,0,Furnished,North-West,84,8.7,0,3,1,54321685
Ahmedabad,Office,3570,2,3,22,5,3,Semi-Furnished,North,98,2.2,1,3,2,40007522
Jaipur,Commercial,2265,3,1,8,24,1,Semi-Furnished,North-East,57,8.6,3,4,2,25006153
Kolkata,Office,2355,3,1,14,3,0,Semi-Furnished,North,17,6.3,7,4,2,28862583
Mumbai,Commercial,2618,5,1,1,8,3,Semi-Furnished,West,82,9.4,9,1,1,80138189
Bangalore,Industrial,1789,5,4,10,26,3,Semi-Furnished,North-West,24,8.9,3,3,2,31288906
Jaipur,Office,3530,2,4,10,12,0,Semi-Furnished,North-East,41,7.1,2,4,0,31123086
Mumbai,Villa,4676,1,1,7,8,3,Furnished,North-West,62,6.9,2,2,1,165966664
Jaipur,Commercial,4514,4,1,22,5,2,Semi-Furnished,South-West,76,2.9,4,4,2,45031827
Ahmedabad,Commercial,1649,1,4,5,20,1,Semi-Furnished,East,13,2.1,2,4,1,19677362
Mumbai,Farm,3566,2,4,20,18,2,Unfurnished,North,39,4.7,7,1,0,44755657
Pune,Farm,1645,2,2,19,13,0,Furnished,North-West,22,2.7,4,4,0,13451407
Chennai,Apartment,453,1,2,6,20,2,Furnished,South,30,1.9,6,2,2,6639849
Pune,Office,3310,4,2,2,14,0,Furnished,South-West,50,3.7,7,3,1,54232272
Surat,Farm,2796,1,1,7,2,0,Furnished,North,28,8.7,4,0,2,15847102
Chennai,Apartment,842,5,3,17,4,3,Semi-Furnished,East,57,1.2,7,1,1,8835604
Pune,Industrial,4011,3,4,16,20,3,Semi-Furnished,North-West,95,3.6,2,2,2,54928234
Chennai,Industrial,4777,5,2,10,17,0,Unfurnished,North-East,72,4.8,6,1,2,56135142
Chennai,Farm,2807,3,3,1,13,1,Unfurnished,East,29,5.6,7,3,1,20845271
Hyderabad,Office,1222,2,4,24,15,1,Furnished,South,73,2.6,6,4,1,18808058
Bangalore,Commercial,4102,4,3,20,13,1,Unfurnished,North-West,46,9.7,1,4,0,80291222
Bangalore,House,3339,1,1,26,8,2,Unfurnished,South-East,40,6.2,7,2,0,53868181
Hyderabad,Office,1431,4,1,23,14,0,Furnished,South-East,83,5.7,5,3,1,22212486
Jaipur,Villa,2416,1,1,18,6,3,Furnished,West,27,1.1,9,0,0,30126897
Delhi,Industrial,962,5,2,6,13,2,Unfurnished,North,29,5.4,2,0,0,20247965
Jaipur,Farm,2938,5,4,17,5,2,Semi-Furnished,North-East,91,8.5,3,4,1,16531816
Mumbai,Farm,740,1,1,7,20,3,Unfurnished,West,20,3.0,6,3,1,11246767
Mumbai,Commercial,4967,4,2,13,14,0,Unfurnished,North-West,95,4.2,2,3,1,151079498
Chennai,Villa,4175,1,2,6,19,2,Semi-Furnished,South-East,53,1.2,0,2,2,75043735
Pune,Commercial,2696,2,2,27,7,0,Semi-Furnished,South-East,91,9.8,5,0,1,45695364
Pune,Villa,634,5,2,20,1,0,Furnished,South-East,73,1.6,2,2,1,13875360
Bangalore,House,1516,2,1,27,7,0,Furnished,North-West,43,9.1,9,1,1,28421445
Kolkata,Industrial,2308,5,2,26,0,3,Unfurnished,South-East,96,3.8,5,3,0,20148568
Jaipur,Farm,1817,5,1,3,25,0,Semi-Furnished,East,74,6.3,9,0,1,10338461
Surat,Farm,1691,3,1,16,16,2,Furnished,South-West,64,7.1,2,2,0,10753469
Ahmedabad,House,3888,2,2,4,18,3,Unfurnished,North-West,83,2.3,5,4,2,36232802
Pune,Apartment,4054,2,1,11,4,3,Semi-Furnished,North-East,10,5.0,3,1,1,44478265
Ahmedabad,Industrial,928,3,4,8,29,2,Unfurnished,South-West,47,3.9,3,2,1,10922061
Chennai,Commercial,3724,4,4,25,21,3,Furnished,West,18,1.5,9,4,0,63159753
Ahmedabad,House,2380,2,3,19,19,2,Furnished,North-East,80,8.5,9,0,2,27571750
Surat,Commercial,3339,1,4,12,15,1,Semi-Furnished,South-West,26,1.4,1,0,1,33655864
Hyderabad,Office,1729,3,1,24,6,2,Unfurnished,South,61,6.9,3,1,2,22044800
Surat,Farm,1633,2,1,27,6,3,Semi-Furnished,South-East,27,3.8,3,4,2,8762654
Ahmedabad,Commercial,2153,4,4,17,17,2,Furnished,South,72,2.7,6,3,1,31539333
Surat,Villa,3200,2,2,19,17,1,Furnished,North,42,7.0,4,0,2,44820671
Delhi,Commercial,3333,5,2,8,1,0,Unfurnished,North,13,6.2,7,3,2,81938605
Chennai,Office,3159,1,1,3,14,0,Unfurnished,South-West,96,3.8,6,3,1,42012326
Jaipur,Industrial,3175,3,2,20,13,0,Unfurnished,South,84,5.6,9,2,0,23181978
Hyderabad,Farm,3887,5,3,26,17,3,Semi-Furnished,North-West,61,3.2,8,2,1,26505851
Pune,House,4250,4,3,7,28,1,Unfurnished,North-East,18,8.8,7,0,2,65538210
Mumbai,Office,2927,5,4,0,8,2,Unfurnished,South,73,3.8,8,3,1,75869663
Jaipur,Farm,1290,5,4,16,13,2,Furnished,North,39,3.2,0,2,0,8122882
Mumbai,Commercial,2465,4,2,24,4,2,Furnished,South,17,7.8,9,4,2,88982022
Chennai,Industrial,1588,5,1,8,10,2,Unfurnished,North-West,14,1.2,2,4,2,20165826
Hyderabad,Apartment,4697,3,4,19,7,3,Unfurnished,South,85,3.4,4,4,0,37057850
Bangalore,Industrial,1140,2,3,12,4,3,Furnished,North-East,72,4.4,8,4,0,21557973
Pune,Apartment,1769,5,4,1,28,1,Unfurnished,West,10,8.9,7,3,2,23089676
Delhi,Villa,1789,3,4,12,10,2,Semi-Furnished,North-West,24,9.6,9,4,0,51117329
Bangalore,Industrial,2400,2,3,8,4,0,Semi-Furnished,North,98,7.4,6,3,1,37807246
Chennai,Farm,1871,2,1,29,16,3,Semi-Furnished,North-East,91,5.4,1,0,0,13118752
Jaipur,Apartment,1936,5,4,19,21,1,Unfurnished,South,47,6.8,5,0,1,13995086
Delhi,House,718,3,4,5,3,1,Furnished,South,51,4.7,3,4,2,17437396
Surat,Farm,2664,5,4,27,14,3,Unfurnished,West,55,3.7,4,4,2,13599393
Ahmedabad,House,2294,4,2,0,18,0,Unfurnished,North,62,9.6,4,4,2,23628163
Delhi,Industrial,4111,2,4,27,21,0,Furnished,North,35,2.0,3,0,2,81374428
Chennai,House,3222,5,3,24,1,2,Furnished,East,70,4.1,3,2,2,48028286
Kolkata,Apartment,4908,2,1,4,23,3,Furnished,North,76,9.1,3,0,0,40282179
Ahmedabad,Farm,1675,3,1,2,16,0,Semi-Furnished,West,63,7.5,1,4,0,10187108
Mumbai,Commercial,3483,1,3,3,11,3,Unfurnished,South-East,31,1.3,0,2,2,100591202
Pune,Office,800,5,2,0,24,1,Furnished,East,35,1.2,1,2,0,14955698
Mumbai,Apartment,1123,5,3,13,23,1,Unfurnished,East,92,5.6,6,1,0,24069805
Delhi,Apartment,2729,2,1,8,16,1,Semi-Furnished,South,69,5.4,0,3,2,38570925
Mumbai,Commercial,1535,3,3,29,9,3,Semi-Furnished,South,48,5.0,5,4,0,49851345
Chennai,Farm,3170,4,2,23,27,2,Furnished,North,45,3.7,3,3,2,27121538
Surat,Farm,667,3,1,3,24,2,Furnished,East,30,9.9,1,1,2,7249541
Jaipur,Industrial,969,5,2,17,17,0,Unfurnished,South-West,50,3.4,2,3,2,8123748
Pune,House,2956,4,3,13,18,3,Furnished,South,57,5.4,6,4,2,48201618
Mumbai,Industrial,2373,3,4,24,17,2,Unfurnished,West,35,4.6,5,1,0,50947976
Mumbai,Commercial,945,1,3,3,12,3,Furnished,South-West,72,2.5,5,3,0,31659022
Delhi,Industrial,3222,2,2,24,13,2,Unfurnished,South,86,2.8,7,0,1,57333889
Jaipur,Commercial,4860,3,3,9,23,1,Unfurnished,North-West,45,9.3,7,2,1,48270491
Bangalore,Farm,670,3,4,2,15,1,Unfurnished,North-West,33,8.7,5,1,2,10140503
Mumbai,House,1138,1,2,22,17,0,Unfurnished,South,99,2.8,0,0,1,27260417
Chennai,Industrial,1657,5,3,6,25,1,Semi-Furnished,East,30,8.9,9,4,0,23142643
Kolkata,Apartment,458,2,2,9,17,2,Unfurnished,South-East,27,2.9,6,2,0,5628660
Pune,Villa,4581,3,2,12,15,0,Furnished,South-East,24,6.6,7,1,1,107512028
Mumbai,Office,789,4,1,3,16,0,Semi-Furnished,East,88,1.7,4,2,1,26301082
Chennai,Apartment,1118,3,1,17,6,1,Semi-Furnished,North-East,15,8.9,3,1,0,12168386
Chennai,Farm,4644,2,2,10,11,3,Unfurnished,South-East,52,1.5,6,1,1,31313555
Pune,Office,520,3,3,24,1,1,Semi-Furnished,North-West,40,6.0,5,3,0,9573931
Bangalore,Villa,3052,1,3,3,9,1,Unfurnished,West,37,8.0,5,2,0,70904570
Chennai,Villa,2703,3,3,23,4,0,Furnished,East,17,2.1,2,2,1,49089105
Kolkata,House,3311,3,4,13,20,1,Unfurnished,North,38,4.6,9,0,1,33388052
Chennai,Office,1199,4,2,17,2,2,Semi-Furnished,North-West,30,1.4,3,4,2,19244837
Chennai,House,3780,1,2,7,18,0,Furnished,West,90,7.1,4,0,2,54796515
Chennai,Apartment,2506,1,4,26,12,1,Unfurnished,West,97,3.8,8,3,2,23398437
Surat,Commercial,1509,3,2,9,11,3,Furnished,East,67,6.0,7,1,2,20302235
Surat,Commercial,1650,4,2,4,2,2,Furnished,West,69,9.4,2,3,2,24023508
Bangalore,Commercial,3040,3,4,22,5,3,Semi-Furnished,East,59,3.8,5,3,0,61698768
Mumbai,Office,2049,3,1,6,13,2,Furnished,South-East,40,1.4,9,0,1,66726915
Chennai,Commercial,1745,2,2,11,3,3,Semi-Furnished,South,56,7.1,0,1,0,25783767
Jaipur,Apartment,3356,2,4,24,12,1,Furnished,North-West,43,8.1,2,4,2,24087476
Mumbai,House,2846,4,3,2,18,2,Unfurnished,North-East,11,9.6,9,3,2,71992618
Bangalore,Office,3764,5,1,25,17,0,Furnished,South,76,2.4,6,4,1,80400316
Hyderabad,House,884,2,3,3,28,0,Unfurnished,North-West,81,4.5,6,1,0,12483410
Mumbai,Office,1202,5,2,9,2,3,Unfurnished,East,61,8.6,1,1,2,35536189
Mumbai,House,2115,1,1,3,19,3,Furnished,North-West,16,8.3,2,0,2,63645304
Ahmedabad,Villa,2315,2,4,14,5,3,Unfurnished,South-East,85,6.6,6,2,2,28924300
Delhi,House,3883,2,2,28,15,2,Furnished,East,28,3.4,5,0,2,88690696
Ahmedabad,Commercial,2157,4,4,9,19,0,Furnished,South,99,3.6,6,4,0,29078653
Kolkata,Villa,2209,5,1,20,23,1,Unfurnished,North,24,2.1,9,0,0,29552162
Surat,House,3407,2,3,29,2,2,Unfurnished,North,87,9.3,8,1,2,27011716
Surat,Office,3625,2,2,21,11,3,Semi-Furnished,South-West,57,2.6,7,3,0,33862045
Delhi,Office,3895,4,2,15,18,0,Unfurnished,South-West,23,6.2,5,2,2,86124752
Pune,Office,2720,4,4,14,18,3,Semi-Furnished,North-West,12,6.3,3,1,1,44221179
Pune,Farm,2070,5,1,18,23,1,Unfurnished,North,59,4.3,9,3,1,18328681
Bangalore,Apartment,1551,1,4,28,3,1,Furnished,East,63,4.2,8,4,1,23136603
Delhi,Office,2623,1,1,19,0,0,Unfurnished,West,15,7.0,6,4,0,52175277
Mumbai,Villa,3067,3,2,18,1,2,Furnished,East,58,4.5,4,4,2,121028228
Pune,Office,610,2,1,17,12,1,Furnished,West,32,3.3,1,0,1,11592591
Chennai,Farm,2894,5,2,25,29,1,Furnished,South,87,4.6,8,4,1,24026930
Jaipur,Commercial,4662,2,1,11,25,1,Semi-Furnished,North-East,87,8.3,6,4,0,48641276
Mumbai,Villa,2907,5,3,24,28,1,Unfurnished,West,29,9.7,8,0,0,90495148
Kolkata,Farm,3363,5,1,15,12,3,Furnished,North,86,6.7,8,3,1,21221106
Chennai,Commercial,3828,5,3,0,29,3,Furnished,East,69,8.0,9,1,2,69804828
Chennai,Industrial,3775,2,1,15,1,2,Semi-Furnished,South,54,5.8,4,2,2,41167245
Delhi,Industrial,4355,4,1,1,29,0,Unfurnished,North,70,6.6,6,4,2,75093002
Bangalore,Villa,4105,2,4,23,18,0,Unfurnished,South,65,9.9,4,4,1,95963866
Kolkata,House,3805,5,4,14,21,0,Semi-Furnished,North-East,11,4.9,2,4,0,38685314
Pune,Apartment,4438,3,2,6,23,1,Semi-Furnished,South-East,54,1.6,9,0,2,46097354
Delhi,Apartment,1452,1,4,27,15,3,Unfurnished,East,49,9.6,7,0,1,23028694
Pune,Farm,1113,5,1,0,11,3,Semi-Furnished,North-West,33,8.1,7,0,1,11845786
Delhi,Commercial,3288,3,4,4,0,2,Unfurnished,East,38,4.6,8,2,0,73515780
Delhi,Apartment,1087,4,1,9,8,0,Unfurnished,South-West,76,9.8,5,1,2,22011154
Delhi,Commercial,729,5,3,21,16,3,Furnished,North-East,77,4.1,1,4,1,22250688
Bangalore,Commercial,2146,3,1,20,9,2,Furnished,East,75,4.3,2,3,2,48910500
Delhi,Farm,1607,5,2,3,17,0,Unfurnished,South-West,93,6.5,9,4,2,21022232
Hyderabad,Farm,2542,2,3,13,18,1,Unfurnished,North-West,63,3.5,5,4,2,16738076
Jaipur,Farm,1184,3,2,12,6,3,Unfurnished,West,62,7.3,0,4,1,7221342
Pune,Apartment,3096,2,2,0,24,3,Unfurnished,South,88,2.4,1,4,2,35016544
Mumbai,Industrial,4220,2,2,15,18,0,Unfurnished,North-West,58,2.0,7,1,0,94916268
Ahmedabad,Farm,4118,3,4,22,23,1,Unfurnished,North,41,5.8,7,3,1,22434386
Kolkata,Apartment,3093,1,2,8,14,1,Semi-Furnished,North-East,70,6.0,5,0,1,26890503
Surat,Farm,1025,3,3,21,8,3,Unfurnished,West,51,2.0,2,3,2,6716439
Bangalore,Office,4634,1,1,15,9,0,Semi-Furnished,North,10,9.7,1,4,2,93726923
Mumbai,Commercial,4108,5,2,18,22,2,Semi-Furnished,North,72,6.2,5,3,2,133998800
Chennai,Farm,1161,5,3,14,19,3,Unfurnished,North-East,44,2.4,0,4,1,10734605
Hyderabad,Villa,4379,3,2,25,19,1,Unfurnished,West,60,3.8,9,3,0,67190545
Surat,Commercial,3929,5,1,13,3,2,Semi-Furnished,South-East,80,8.2,5,2,0,39116586
Ahmedabad,Commercial,1955,4,3,19,5,0,Semi-Furnished,North,54,5.7,8,3,1,24303647
Mumbai,Farm,4033,2,3,9,3,1,Unfurnished,North,86,2.7,6,0,0,56051289
Surat,Industrial,1075,2,1,20,4,2,Unfurnished,West,74,1.9,8,0,2,8941086
Mumbai,House,4587,1,3,11,8,3,Semi-Furnished,East,23,4.9,1,3,1,112532534
Hyderabad,Industrial,436,5,1,27,11,1,Semi-Furnished,North,12,4.0,4,3,0,5707675
Ahmedabad,Farm,4236,1,3,0,22,0,Semi-Furnished,South,33,6.9,8,1,1,23599697
Chennai,Commercial,2187,2,3,20,7,1,Furnished,West,74,9.3,6,3,0,37510881
Delhi,Villa,3127,2,1,16,20,3,Semi-Furnished,North,57,3.2,8,0,1,85198656
Pune,Commercial,4280,5,1,8,4,0,Furnished,North-East,19,8.7,5,2,0,83470474
Chennai,Industrial,2294,4,3,22,28,3,Unfurnished,North-West,22,9.3,6,0,1,25338708
Delhi,Villa,536,4,3,18,10,2,Unfurnished,South,82,9.1,9,1,1,16975432
Bangalore,Apartment,3476,5,1,24,22,1,Semi-Furnished,South-West,23,9.6,4,3,1,45907319
Jaipur,Office,4283,5,4,17,10,3,Unfurnished,South-West,19,8.6,5,2,1,35424399
Kolkata,Commercial,1061,1,1,27,12,2,Unfurnished,North-West,49,6.3,0,0,1,13349455
Kolkata,Farm,2210,5,3,6,13,0,Unfurnished,South-West,32,4.7,0,2,2,14059476
Pune,Apartment,814,4,3,8,27,0,Unfurnished,North-West,64,5.4,1,4,1,11544421
Ahmedabad,Office,742,5,3,21,7,2,Furnished,North,72,8.9,3,0,1,11567299
Hyderabad,Farm,3129,1,1,25,24,2,Furnished,South,80,3.7,8,4,1,22552279
Ahmedabad,House,3850,1,3,20,29,0,Semi-Furnished,South,51,2.4,6,2,0,34290513
Hyderabad,Farm,4065,1,4,11,17,3,Semi-Furnished,East,75,2.3,5,3,1,27377339
Ahmedabad,Villa,4137,1,2,6,18,2,Semi-Furnished,North-West,88,8.4,0,3,2,56731035
Jaipur,Villa,4297,3,4,13,11,3,Unfurnished,South,82,7.9,4,3,1,43507655
Bangalore,House,4641,5,1,14,11,0,Unfurnished,East,56,5.5,3,4,0,77993524
Bangalore,Apartment,4818,2,3,14,17,3,Furnished,West,90,3.5,4,3,0,67887123
Delhi,Office,2569,5,1,5,9,3,Furnished,East,61,7.1,8,1,1,67776346
Surat,Farm,2278,3,2,20,6,2,Semi-Furnished,North-East,27,1.3,2,0,1,11139978
Bangalore,Villa,4370,1,1,13,27,3,Furnished,South-East,88,6.1,3,0,1,110308780
Bangalore,Apartment,4970,3,3,1,17,3,Furnished,North,27,4.6,7,2,1,73972992
Chennai,House,3017,4,2,7,11,3,Furnished,West,33,9.8,2,4,0,43344528
Chennai,Industrial,1915,4,2,12,13,0,Furnished,South-East,32,5.6,2,0,1,27377292
Delhi,Commercial,974,5,3,22,14,0,Furnished,South-East,21,6.0,8,4,0,29142714
Surat,Industrial,4842,5,3,5,15,1,Semi-Furnished,West,32,7.4,4,2,0,38794503
Pune,Industrial,3267,2,3,4,1,0,Semi-Furnished,North-East,30,5.4,9,3,2,43576765
Chennai,Villa,3944,2,1,4,29,0,Furnished,East,73,3.0,0,2,0,74207046
Pune,House,4877,4,4,24,29,1,Semi-Furnished,North,99,5.8,6,1,1,70942614
Mumbai,Farm,471,1,1,0,17,1,Unfurnished,East,81,9.5,6,3,1,10191108
Chennai,Industrial,2968,3,1,8,11,2,Furnished,South,43,4.7,5,3,1,36208897
Jaipur,Industrial,3837,2,4,5,15,2,Unfurnished,East,11,7.1,5,3,1,26510693
Surat,Office,3380,2,3,19,12,0,Semi-Furnished,South-West,78,9.8,2,2,2,34625786
Delhi,Villa,1517,1,3,25,19,3,Semi-Furnished,West,40,8.5,2,1,2,43061454
Mumbai,Villa,2786,1,4,29,16,2,Unfurnished,North,77,6.9,9,4,2,88610026
Surat,Farm,3908,5,4,6,17,2,Semi-Furnished,East,79,7.6,8,2,2,22036641
Jaipur,Commercial,1759,3,1,8,2,0,Furnished,North,96,9.4,0,0,0,19308230
Surat,Apartment,1915,1,2,4,22,3,Unfurnished,North,28,9.6,6,0,2,14938662
Jaipur,Office,439,2,4,13,9,1,Furnished,South,81,9.7,9,2,0,7662397
Jaipur,Villa,1782,2,1,4,0,1,Unfurnished,South,22,6.6,6,4,1,19766748
Pune,Office,2430,4,2,7,5,0,Semi-Furnished,West,74,4.5,7,0,0,39737618
Ahmedabad,Villa,3021,1,3,6,2,0,Unfurnished,North-East,15,2.2,5,4,0,36821697
Mumbai,Office,2300,5,3,12,18,3,Unfurnished,South-West,80,4.5,7,3,2,69662563
Surat,House,2617,3,1,12,3,0,Furnished,South-East,36,9.5,0,2,1,25674142
Hyderabad,Industrial,1683,5,1,7,28,0,Semi-Furnished,North,88,9.0,0,3,1,20301706
Mumbai,Villa,983,2,4,10,19,0,Furnished,North-East,61,5.7,8,0,2,40804886
Ahmedabad,Office,858,5,3,27,22,3,Semi-Furnished,South-East,96,5.8,3,4,0,12137753
Mumbai,Apartment,2665,2,1,25,2,0,Furnished,South-East,57,3.8,2,3,2,59491033
Bangalore,House,3066,2,3,17,7,2,Unfurnished,South-West,97,5.1,5,0,0,49600996
Hyderabad,House,1215,2,3,24,7,3,Furnished,West,88,7.4,9,1,2,17784122
Ahmedabad,Apartment,2911,2,4,18,26,2,Semi-Furnished,South-East,77,4.6,8,3,2,24077950
Pune,Office,646,2,2,5,28,3,Semi-Furnished,South-West,53,2.7,9,1,1,13435570
Surat,Farm,816,4,4,21,6,2,Unfurnished,South-East,26,5.9,3,1,1,5971788
Kolkata,Apartment,4863,5,1,1,1,3,Semi-Furnished,North,47,3.0,8,0,1,39917112
Ahmedabad,Office,4117,4,4,27,20,1,Furnished,North,19,9.8,4,2,2,53926889
Delhi,Apartment,507,4,4,12,5,0,Unfurnished,North-West,63,4.5,6,4,1,10205750
Surat,Apartment,3031,1,3,22,27,0,Semi-Furnished,North-East,15,9.2,2,0,1,19121812
Ahmedabad,Villa,1238,1,4,24,15,3,Semi-Furnished,East,15,3.0,2,3,2,16635734
Bangalore,Office,4913,1,1,27,9,2,Furnished,South-West,61,2.7,2,4,1,94345582
Kolkata,Farm,1821,3,2,25,3,1,Furnished,South,24,6.6,7,2,0,11298540
Bangalore,Industrial,4312,1,4,10,12,2,Unfurnished,South-West,77,8.0,5,0,1,63781099
Kolkata,Villa,655,5,4,0,9,0,Semi-Furnished,East,66,6.1,8,2,0,12667994
Delhi,Apartment,3227,4,2,23,20,0,Furnished,North-East,65,3.1,8,3,1,52944668
Surat,Industrial,1237,5,1,1,13,2,Unfurnished,South,16,1.3,7,0,2,12698960
Pune,Commercial,3362,1,1,29,8,3,Semi-Furnished,East,60,6.6,0,3,2,56207792
Bangalore,Industrial,2682,3,4,16,10,3,Semi-Furnished,North-West,67,2.2,5,4,1,42416080
Bangalore,Apartment,952,3,3,7,22,2,Unfurnished,South,73,4.1,3,4,0,13492400
Jaipur,Apartment,580,4,4,1,17,0,Unfurnished,North,35,7.1,3,2,1,7183923
Kolkata,Office,4652,5,2,5,10,2,Furnished,East,67,1.9,2,2,2,63875005
Chennai,Office,1877,2,2,21,16,0,Semi-Furnished,South-West,40,2.1,8,4,1,27985367
Surat,Villa,970,5,2,4,1,2,Semi-Furnished,South,75,1.6,1,1,2,12662409
Kolkata,Farm,2127,1,4,15,2,3,Semi-Furnished,North-West,22,10.0,0,4,0,13095663
Jaipur,Villa,991,2,4,7,10,1,Unfurnished,South-West,27,4.5,9,0,0,12109855
Mumbai,House,4916,3,1,18,17,0,Furnished,South-East,84,9.2,2,3,2,131043460
Kolkata,Apartment,2660,4,3,15,26,1,Semi-Furnished,South,22,3.6,3,4,0,24531177
Pune,Industrial,3347,4,4,12,2,3,Unfurnished,South,33,7.8,3,4,2,47665454
Surat,Commercial,747,3,1,25,25,2,Semi-Furnished,North-West,66,3.0,5,3,2,9034114
Jaipur,Apartment,565,1,4,19,14,3,Furnished,South-East,38,5.5,0,3,2,5605447
Mumbai,Apartment,4843,3,1,6,10,1,Semi-Furnished,East,65,8.4,0,0,1,96429837
Hyderabad,Villa,3296,1,1,15,10,3,Furnished,West,63,8.3,1,3,0,53691282
Jaipur,Commercial,4893,2,3,22,27,3,Furnished,East,14,8.1,3,2,1,52750202
Hyderabad,Commercial,982,3,4,15,29,2,Semi-Furnished,South-East,44,8.4,6,4,1,17027188
Surat,Commercial,3906,1,1,28,27,1,Semi-Furnished,North-East,28,2.9,5,3,0,40217755
Bangalore,Villa,4803,2,2,11,24,1,Furnished,South-West,64,5.3,8,0,1,128258314
Jaipur,Apartment,3438,3,2,13,19,1,Unfurnished,North-West,86,5.4,6,3,2,24161530
Delhi,Villa,3245,4,2,23,27,0,Furnished,East,78,9.0,4,4,1,99186226
Hyderabad,Office,3166,3,3,17,24,3,Semi-Furnished,South,53,3.7,5,1,2,40264017
Pune,Office,4594,5,1,26,10,1,Semi-Furnished,North-West,87,9.4,9,3,0,75681081
Delhi,Villa,1665,3,3,27,18,3,Unfurnished,North,47,5.1,8,2,1,43062411
Ahmedabad,Commercial,4653,5,4,17,27,2,Furnished,South-East,71,7.0,0,4,0,64915561
Ahmedabad,Apartment,3367,2,4,15,0,2,Furnished,South-West,31,3.4,8,0,2,28125446
Mumbai,Villa,2674,3,1,19,26,0,Furnished,East,82,4.7,5,4,1,104204072
Bangalore,Villa,2870,2,2,15,4,0,Semi-Furnished,North-West,49,7.4,3,1,2,69430789
Surat,Villa,2690,2,1,12,9,2,Furnished,South-West,35,5.6,4,0,2,35626331
Jaipur,House,2977,1,1,25,9,1,Unfurnished,East,14,9.4,0,1,2,24350126
Chennai,Office,4060,2,1,28,13,2,Semi-Furnished,North-West,63,7.6,6,1,0,57486367
Pune,Industrial,1468,2,3,8,1,3,Semi-Furnished,South,95,6.1,7,2,0,22193326
Hyderabad,Commercial,3136,3,4,25,3,0,Furnished,North,58,9.0,4,3,0,51909247
Surat,Farm,2350,3,1,27,1,0,Unfurnished,North,12,7.0,1,2,1,10427618
Delhi,Industrial,491,4,1,8,17,2,Semi-Furnished,North-East,47,6.8,7,2,2,12544510
Ahmedabad,Commercial,3493,1,1,12,12,1,Semi-Furnished,North-West,23,3.2,9,2,0,40382473
Pune,Farm,2619,2,3,28,18,1,Furnished,East,56,4.6,6,0,2,21710323
Chennai,House,1787,1,3,3,4,3,Furnished,North,23,7.1,9,3,0,24997316
Jaipur,Villa,4674,5,3,8,19,0,Unfurnished,South-East,84,9.0,8,3,2,48428136
Mumbai,House,2685,2,1,14,1,2,Furnished,North,82,3.8,3,0,0,73321939
Chennai,House,3606,1,2,13,10,2,Unfurnished,West,47,2.9,8,2,0,44686894
Pune,Industrial,3324,4,2,18,29,0,Semi-Furnished,West,73,6.3,3,2,0,43650502
Chennai,Apartment,679,4,2,11,29,2,Unfurnished,North,53,1.6,2,1,0,9228414
Pune,Industrial,2018,2,4,20,25,0,Unfurnished,North-West,79,7.4,2,1,2,28438954
Pune,Office,3187,5,1,25,17,1,Unfurnished,North-East,74,7.3,9,4,0,51694146
Kolkata,Farm,770,4,2,24,29,1,Semi-Furnished,North,34,4.2,1,1,0,5588721
Hyderabad,Villa,3583,4,2,5,5,2,Furnished,South,25,9.0,9,3,0,62918400
Ahmedabad,Industrial,4234,5,2,2,22,1,Semi-Furnished,South-West,24,5.5,2,0,2,40337162
Kolkata,Farm,2103,1,1,25,27,1,Furnished,East,90,6.8,7,2,0,14477073
Jaipur,Commercial,2668,4,2,24,9,3,Unfurnished,North-East,12,2.9,7,4,2,26934602
Kolkata,Farm,703,3,2,21,21,0,Unfurnished,South,76,4.8,1,1,1,5273398
Bangalore,Commercial,4174,4,1,19,22,0,Unfurnished,North-East,46,8.8,1,4,2,81093709
Bangalore,Industrial,1748,1,4,15,16,2,Unfurnished,South,90,2.9,1,0,1,25106660
Ahmedabad,Office,2822,1,3,29,21,0,Unfurnished,East,64,4.5,9,0,0,29396363
Chennai,Industrial,4028,2,2,19,10,3,Furnished,East,47,3.9,6,4,0,47929638
Hyderabad,Commercial,2828,3,3,23,18,2,Furnished,West,72,2.4,5,4,2,44073953
Ahmedabad,Farm,3433,1,4,22,16,2,Unfurnished,North-West,10,3.6,0,4,0,16456915
Pune,Farm,1068,5,4,16,23,0,Semi-Furnished,South,80,3.1,1,2,0,10328421
Delhi,Commercial,899,3,2,15,3,1,Semi-Furnished,South-West,99,9.3,0,3,2,25572729
Hyderabad,House,1814,3,1,5,25,1,Unfurnished,West,28,7.7,6,1,0,23372211
Hyderabad,Office,929,5,4,7,23,1,Furnished,South,61,3.8,5,1,1,16784666
Pune,Apartment,4021,4,3,18,25,1,Semi-Furnished,West,39,7.9,1,1,1,43405943
Pune,Villa,3856,5,3,29,13,3,Semi-Furnished,East,64,1.2,1,4,0,74355275
Mumbai,Farm,1154,5,3,24,26,2,Semi-Furnished,North-East,23,5.7,1,4,0,17010319
Ahmedabad,Villa,2747,4,3,25,19,1,Unfurnished,South-East,22,3.3,7,4,1,33163420
Pune,Apartment,1126,4,4,1,3,3,Semi-Furnished,West,93,2.0,6,2,0,15093493
Bangalore,Industrial,3049,4,2,13,27,2,Semi-Furnished,South,99,9.0,0,2,1,47436889
Jaipur,Villa,2446,4,2,21,13,0,Semi-Furnished,South,36,2.8,3,2,2,26656446
Delhi,Apartment,3215,4,3,11,25,0,Semi-Furnished,South-East,98,8.4,3,2,1,48196798
Ahmedabad,Commercial,1274,5,2,16,3,3,Furnished,North-West,18,4.7,6,0,0,17840546
Surat,House,3679,2,3,27,5,2,Unfurnished,South-West,50,1.1,1,2,0,28596218
Bangalore,Farm,3384,2,3,26,29,1,Unfurnished,East,57,7.6,3,2,1,27458490
Chennai,Apartment,2578,1,1,14,8,2,Furnished,South,21,6.4,0,2,1,30662765
Pune,Villa,4207,2,4,17,20,1,Furnished,North,19,4.1,3,1,0,93220489
Surat,Farm,1007,2,4,15,11,3,Unfurnished,North-East,15,3.5,0,1,0,5161067
Pune,House,1034,5,3,12,28,1,Semi-Furnished,West,43,1.7,1,1,0,17006812
Hyderabad,Commercial,4979,4,4,20,25,3,Semi-Furnished,North-West,61,9.5,1,3,2,76338595
Bangalore,Industrial,3127,4,2,16,29,2,Unfurnished,South-West,50,5.4,9,0,2,48056552
Hyderabad,Farm,1474,5,3,7,7,2,Semi-Furnished,South-East,92,1.8,2,4,1,11663387
Mumbai,Industrial,2314,2,1,0,23,1,Furnished,North-East,15,8.8,7,2,1,60052281
Hyderabad,Apartment,988,5,2,28,3,2,Semi-Furnished,East,11,3.5,5,1,2,10259048
Mumbai,House,3631,1,1,24,26,1,Semi-Furnished,North-West,24,2.8,5,0,2,95315686
Mumbai,Villa,2704,4,1,25,25,2,Semi-Furnished,South-West,26,3.5,8,2,1,88594728
Surat,House,4238,3,4,26,24,0,Unfurnished,West,25,6.1,7,3,2,34445674
Pune,House,2373,1,4,2,24,1,Furnished,West,37,1.7,1,4,1,38149257
Chennai,Office,2455,1,3,15,4,3,Semi-Furnished,South-East,94,5.3,5,2,0,37365343
Hyderabad,House,3880,5,4,27,5,0,Unfurnished,North,81,9.1,0,4,1,43816849
Bangalore,House,2479,2,1,1,4,3,Semi-Furnished,South-East,19,2.7,8,2,2,42869348
Mumbai,Farm,3452,4,1,14,18,2,Furnished,East,19,4.0,3,3,2,50418292
Pune,Villa,4882,3,2,0,26,0,Semi-Furnished,North-West,19,4.6,3,0,2,100083751
Delhi,Farm,1651,1,1,8,7,2,Furnished,North-West,82,6.3,8,4,1,20085109
Ahmedabad,Farm,4195,3,3,15,8,1,Semi-Furnished,South,37,9.3,2,4,2,22611024
Surat,Apartment,4222,2,3,3,14,3,Furnished,North,33,4.6,4,0,1,31935217
Chennai,Farm,4702,2,4,11,3,2,Semi-Furnished,North,28,1.6,0,4,0,33230715
Kolkata,Office,3789,3,4,0,24,3,Furnished,North-West,77,4.1,5,1,0,48533412
Surat,Office,2180,4,4,0,8,3,Semi-Furnished,North-West,65,2.7,2,0,2,24821716
Delhi,Industrial,3004,2,3,6,6,2,Semi-Furnished,North-East,76,6.9,0,3,1,59316858
Ahmedabad,Apartment,4088,3,1,17,7,1,Unfurnished,South-West,51,1.3,9,2,1,27265621
Delhi,Industrial,2124,1,4,22,14,3,Unfurnished,North-East,21,3.6,5,2,2,38446473
Hyderabad,Industrial,3184,3,2,27,18,2,Furnished,North-East,27,5.9,9,0,1,37669376
Mumbai,Commercial,4119,3,4,22,14,1,Semi-Furnished,North,32,3.5,1,1,2,124287683
Chennai,Villa,2077,5,3,14,4,2,Furnished,South,93,6.0,7,3,2,38240759
Jaipur,Villa,848,2,4,25,18,1,Unfurnished,West,15,2.0,1,2,0,9383484
Mumbai,Farm,481,4,1,29,6,3,Furnished,North-East,62,9.5,3,2,2,9919638
Jaipur,Farm,1806,4,4,24,5,0,Furnished,South,51,3.6,2,1,1,9933232
Ahmedabad,Commercial,1880,5,3,12,26,2,Unfurnished,South-East,75,9.3,8,4,2,24012883
Pune,Farm,1479,4,3,15,18,3,Semi-Furnished,East,39,3.9,1,0,0,12605701
Kolkata,Villa,3998,3,2,6,24,2,Furnished,North-East,18,8.0,2,1,0,58135208
Bangalore,Industrial,4914,5,3,15,27,2,Unfurnished,South-East,51,3.2,6,1,1,62767728
Mumbai,House,4583,1,2,12,16,1,Semi-Furnished,West,43,7.0,3,1,2,112799570
Chennai,Office,4080,2,1,13,9,2,Unfurnished,East,49,3.9,5,1,1,64838984
Delhi,House,3103,2,3,16,18,1,Furnished,East,97,5.6,2,4,1,71875350
Chennai,House,4710,2,4,11,10,3,Semi-Furnished,West,26,7.1,0,3,2,57876278
Ahmedabad,Villa,4156,3,1,28,14,2,Semi-Furnished,North-East,38,6.3,5,1,0,51189343
Jaipur,House,2158,1,4,23,9,3,Unfurnished,North,59,6.2,3,1,1,16902584
Delhi,Commercial,2999,5,4,23,10,0,Unfurnished,West,85,1.6,1,0,1,73549537
Bangalore,Apartment,2950,5,4,19,22,3,Unfurnished,West,58,3.2,6,2,0,42437748
Bangalore,Farm,4253,2,1,12,2,2,Semi-Furnished,West,82,6.1,9,4,2,40648146
Mumbai,Apartment,3146,1,1,23,29,0,Semi-Furnished,East,70,1.2,4,1,2,61692133
Ahmedabad,Industrial,2692,1,3,19,2,1,Furnished,South-West,92,3.3,5,3,2,26627507
Pune,Office,1901,1,4,14,17,0,Semi-Furnished,South,55,3.1,5,3,0,31555714
Ahmedabad,Farm,4804,4,2,23,24,2,Furnished,South-East,55,3.2,8,3,1,28092505
Jaipur,House,630,4,3,20,10,2,Unfurnished,North,26,5.8,1,0,0,6269564
Chennai,Office,4650,2,1,3,19,3,Unfurnished,North-East,75,6.2,5,3,1,67823036
Bangalore,Farm,1598,1,2,21,25,1,Semi-Furnished,North-East,14,9.2,8,0,1,14843492
Chennai,Commercial,514,1,1,1,28,2,Unfurnished,South-East,63,4.5,3,4,2,10591443
Chennai,Commercial,1813,5,2,27,21,2,Unfurnished,South,25,9.3,5,3,2,27751859
Chennai,Commercial,4806,5,3,17,17,1,Semi-Furnished,West,90,6.9,6,2,2,78955181
Bangalore,Commercial,1392,2,2,1,24,1,Furnished,South-West,16,9.2,0,1,0,32371793
Surat,House,2747,1,3,24,14,3,Semi-Furnished,North,17,8.5,4,4,2,23180236
Hyderabad,Apartment,1441,2,1,14,6,0,Furnished,North-East,81,7.2,3,2,0,13688028
Jaipur,Farm,411,5,2,29,9,1,Semi-Furnished,South-East,96,4.2,9,4,2,4408341
Surat,House,4076,5,4,25,20,2,Semi-Furnished,North-West,91,3.2,1,3,2,34573723
Jaipur,Commercial,3465,4,4,18,22,1,Unfurnished,South-West,47,3.0,1,4,2,33027226
Delhi,Industrial,2436,2,1,14,29,2,Semi-Furnished,South-East,63,9.6,1,4,0,49711890
Ahmedabad,Apartment,3446,2,2,25,19,3,Semi-Furnished,South-West,85,9.6,6,4,1,27174329
Ahmedabad,Industrial,2750,1,4,19,28,0,Furnished,North-East,24,7.5,3,0,0,25875245
Kolkata,Office,940,1,3,9,9,3,Unfurnished,West,59,9.0,5,2,0,11949065
Ahmedabad,Industrial,3260,4,2,27,12,1,Furnished,North-West,65,9.3,6,3,0,32350807
Bangalore,Office,476,3,2,23,14,2,Furnished,South,18,5.6,8,1,1,11856169
Pune,Office,3467,3,4,19,22,1,Unfurnished,North,17,6.7,1,3,0,55814268
Mumbai,Commercial,423,3,3,10,17,1,Unfurnished,South,28,4.8,9,3,2,13557917
Kolkata,Office,1075,2,3,25,22,1,Unfurnished,South,60,4.8,8,0,1,14022058
Mumbai,Villa,2794,2,3,9,3,1,Semi-Furnished,South-East,81,1.3,4,0,0,88091124
Jaipur,Farm,4667,5,2,28,19,0,Unfurnished,South-West,66,4.9,5,4,0,19489444
Mumbai,Farm,3798,2,1,22,16,2,Unfurnished,North,77,7.1,5,3,1,53768861
Mumbai,Commercial,3159,2,2,4,27,1,Unfurnished,North,40,4.8,2,2,0,83074951
Kolkata,Villa,888,2,2,8,2,2,Furnished,North-East,12,8.9,9,0,1,15504534
Delhi,Industrial,1885,4,4,19,20,0,Furnished,North-East,92,4.0,6,0,2,38689277
Chennai,House,4059,2,1,18,20,2,Semi-Furnished,North,52,2.2,6,2,0,51340879
Ahmedabad,Industrial,3635,1,3,12,1,2,Furnished,North-West,38,8.3,7,0,0,35237550
Ahmedabad,House,2819,1,4,17,3,0,Semi-Furnished,East,19,7.1,4,2,2,26991910
Bangalore,Office,3895,5,2,16,0,1,Furnished,North-East,21,3.2,1,1,0,76404753
Kolkata,Apartment,1156,4,1,26,14,2,Unfurnished,East,55,5.8,2,2,0,9864762
Bangalore,House,2924,1,3,5,24,3,Furnished,South-East,39,4.6,8,1,1,55490721
Pune,Apartment,4650,4,3,9,0,2,Semi-Furnished,North-West,91,9.4,5,4,0,52052811
Pune,Farm,656,4,2,1,5,1,Furnished,North,97,6.5,7,4,2,10226703
Bangalore,Apartment,2179,5,3,23,6,3,Unfurnished,North-West,41,2.4,7,0,0,29704897
Kolkata,Farm,2515,4,3,5,18,1,Semi-Furnished,North-East,82,5.5,4,2,1,17870629
Bangalore,Villa,3748,2,1,27,11,2,Unfurnished,South,56,8.8,0,0,2,84363704
Ahmedabad,Villa,1872,4,4,27,0,0,Unfurnished,South-East,97,7.0,5,2,2,26466354
Surat,Commercial,658,5,1,20,6,1,Semi-Furnished,North,72,8.6,6,0,2,9201218
Hyderabad,Commercial,4475,5,4,12,18,1,Unfurnished,West,35,3.3,8,4,2,59668639
Mumbai,Office,706,5,4,17,12,0,Unfurnished,South-East,12,9.0,1,4,1,21412331
Hyderabad,House,1518,1,4,6,25,2,Furnished,South-West,32,7.8,1,0,1,20659992
Kolkata,Office,3417,2,3,1,11,1,Unfurnished,East,84,7.6,9,2,1,39560025
Hyderabad,Farm,4741,1,1,28,11,2,Unfurnished,North-West,83,4.1,0,3,1,27931578
Pune,Office,3180,3,3,13,21,2,Unfurnished,North,59,9.0,4,2,0,51981549
Jaipur,Apartment,2058,2,2,4,12,2,Unfurnished,South-East,45,6.7,1,0,1,15176682
Mumbai,Farm,586,4,1,17,27,0,Semi-Furnished,North-West,22,8.7,2,2,0,9503526
Chennai,Commercial,2197,5,4,10,13,2,Furnished,North,38,4.2,1,1,2,37140611
Kolkata,Villa,1324,3,3,9,21,2,Unfurnished,North-East,47,2.3,3,2,0,16638391
Mumbai,Commercial,1184,2,3,10,29,3,Unfurnished,South-East,86,4.0,2,4,0,35508630
Hyderabad,House,3844,1,1,26,11,3,Semi-Furnished,North-East,99,5.1,8,4,0,42765164
Pune,Farm,3596,5,1,1,19,3,Unfurnished,South-East,93,5.8,9,1,1,28380074
Delhi,Farm,1760,1,4,14,11,1,Semi-Furnished,North-East,14,5.6,1,2,1,18776554
Surat,Apartment,740,2,4,6,26,1,Furnished,South-West,29,5.9,6,3,2,8744773
Chennai,House,962,2,2,8,5,3,Furnished,North-West,87,8.6,2,2,1,15718805
Surat,Villa,3399,3,4,4,26,0,Unfurnished,West,23,2.5,9,4,0,37799672
Mumbai,Industrial,1593,4,3,6,9,0,Unfurnished,South-East,17,3.8,7,4,1,37384037
Pune,Farm,3510,1,2,19,19,3,Unfurnished,South-West,57,9.0,3,0,1,26347603
Pune,Farm,468,3,2,1,28,1,Semi-Furnished,South-East,22,6.0,3,4,0,7044912
Hyderabad,Apartment,2828,5,2,2,23,1,Unfurnished,North-East,33,6.3,8,0,2,26455770
Ahmedabad,Office,3998,4,1,1,8,0,Unfurnished,North,88,5.3,2,4,1,41290128
Hyderabad,Villa,2772,3,4,20,1,2,Furnished,South-East,74,5.9,6,4,2,49346297
Ahmedabad,Commercial,4956,1,2,21,6,0,Unfurnished,South-West,95,2.8,0,3,0,46971503
Ahmedabad,House,1243,2,1,22,8,2,Furnished,North-East,43,5.9,6,0,1,14551280
Chennai,Farm,973,5,1,18,24,1,Unfurnished,South,60,10.0,9,0,2,10444308
Hyderabad,Farm,4614,1,2,3,11,1,Furnished,North-East,12,6.1,1,4,2,31104819
Delhi,Commercial,2996,4,2,23,4,3,Unfurnished,North-West,99,1.4,5,0,0,64613726
Bangalore,Villa,1878,4,3,19,0,1,Furnished,West,87,8.2,8,4,1,47127987
Bangalore,Office,2473,2,2,6,21,2,Semi-Furnished,South,67,4.6,5,4,2,46628223
Hyderabad,Farm,1913,2,3,27,14,0,Furnished,North-West,81,2.4,2,2,2,12551207
Hyderabad,Villa,1368,5,2,21,7,3,Furnished,North-West,64,8.8,0,0,2,23850291
Surat,Commercial,2596,5,2,6,0,2,Furnished,North-West,89,2.8,3,1,2,27378380
Chennai,Apartment,1911,2,4,16,17,0,Unfurnished,North,51,9.3,3,0,2,19743408
Hyderabad,Office,1054,2,2,18,12,0,Unfurnished,North-West,30,5.0,7,0,2,14458600
Surat,House,3392,4,2,21,28,0,Unfurnished,North,19,7.7,9,3,2,31695609
Ahmedabad,Farm,4920,2,3,15,0,1,Semi-Furnished,North-West,66,5.9,9,1,2,27231056
Pune,Villa,692,3,3,2,4,0,Semi-Furnished,East,34,3.3,6,1,2,15069677
Pune,Apartment,3001,1,4,14,17,1,Furnished,South-West,65,7.0,9,3,2,37269217
Ahmedabad,House,4926,2,2,13,15,0,Semi-Furnished,South,47,9.6,6,3,1,49192294
Kolkata,Industrial,4812,5,2,14,25,0,Furnished,East,95,7.9,6,0,0,48579527
Surat,Villa,4893,3,3,13,9,1,Furnished,North-West,70,6.4,1,2,0,63498079
Surat,Villa,1988,5,1,6,29,1,Furnished,South,56,9.9,8,3,0,28039887
Ahmedabad,House,995,3,1,24,3,2,Semi-Furnished,South,63,3.4,5,1,2,10493684
Delhi,Apartment,2993,2,1,2,0,0,Unfurnished,South-East,55,1.6,1,1,0,43126711
Jaipur,Industrial,2523,1,3,29,22,1,Semi-Furnished,West,77,1.3,0,0,2,18201211
Mumbai,Commercial,2343,5,3,16,7,2,Furnished,East,13,7.4,0,2,1,84521865
Ahmedabad,Apartment,1315,3,1,9,4,2,Furnished,West,75,8.5,0,4,0,11930745
Hyderabad,Office,4269,4,1,14,1,1,Semi-Furnished,South,52,6.7,3,3,1,56448068
Hyderabad,Farm,3194,2,2,28,23,0,Furnished,North,71,9.1,3,3,1,24908735
Chennai,House,3478,1,3,5,16,2,Furnished,South,94,7.3,8,0,2,51175830
Ahmedabad,Commercial,1375,2,3,27,6,0,Semi-Furnished,West,94,4.3,0,2,0,15189951
Chennai,Industrial,1475,4,1,16,16,0,Semi-Furnished,East,94,2.6,2,1,1,18970497
Ahmedabad,House,3389,1,1,16,27,2,Semi-Furnished,North-West,13,9.3,2,1,0,36248924
Surat,House,3867,4,4,13,5,1,Furnished,South-East,74,1.9,7,4,1,37234878
Mumbai,Apartment,1851,2,3,23,28,0,Furnished,South-East,71,5.9,1,1,1,41977849
Surat,Farm,4223,3,4,24,21,3,Unfurnished,South-East,99,3.8,5,3,2,20776982
Jaipur,Office,4332,2,2,17,14,1,Unfurnished,North-West,11,3.4,3,4,0,37604879
Pune,Villa,2428,2,4,24,4,2,Semi-Furnished,South-East,18,6.8,9,2,2,48040490
Bangalore,Villa,762,2,1,4,14,3,Unfurnished,East,66,3.1,5,4,2,18596811
Ahmedabad,House,2829,5,3,28,17,0,Furnished,North-West,54,9.2,4,2,2,31081295
Jaipur,Farm,4032,4,3,7,17,1,Unfurnished,South-East,27,4.7,8,1,2,17700313
Pune,Industrial,2718,4,4,6,24,3,Furnished,North-West,57,7.1,8,0,2,41273394
Kolkata,Industrial,3485,4,4,22,20,1,Semi-Furnished,West,51,7.5,0,4,1,36798178
Mumbai,Commercial,2745,5,2,3,20,0,Semi-Furnished,South-West,50,7.1,2,4,0,86082930
Chennai,Apartment,3998,3,2,17,22,1,Furnished,South-West,84,9.1,0,3,0,42125583
Chennai,Farm,4729,2,1,4,5,3,Unfurnished,East,98,3.1,5,3,2,33132002
Surat,Farm,2131,3,1,15,1,1,Semi-Furnished,North-East,99,1.8,2,2,0,10260620
Hyderabad,Apartment,426,5,1,13,26,2,Semi-Furnished,North,67,1.5,0,0,1,6000811
Pune,Industrial,492,4,4,26,16,2,Unfurnished,South-East,51,8.9,5,3,2,8719022
Kolkata,Industrial,3064,2,4,26,20,3,Unfurnished,North,44,9.8,4,3,1,29837119
Jaipur,Industrial,708,1,3,18,3,1,Furnished,North-West,47,3.7,7,1,1,6775684
Mumbai,House,451,1,1,13,11,3,Unfurnished,North,76,7.2,1,1,2,12513479
Pune,Farm,718,3,4,8,18,1,Unfurnished,East,50,1.1,7,3,1,7758072
Kolkata,Villa,2392,4,3,5,1,0,Unfurnished,East,59,2.7,4,2,2,35841202
Bangalore,Apartment,4676,1,1,16,25,2,Furnished,South,95,7.2,7,0,1,64606328
Ahmedabad,Industrial,4291,3,2,18,1,0,Furnished,South-West,81,1.6,9,3,0,41261256
Chennai,Commercial,4356,5,2,11,13,1,Semi-Furnished,South-East,88,5.2,3,2,0,70015874
Jaipur,Industrial,3092,3,4,3,14,0,Furnished,South,54,7.0,3,2,0,26899994
Chennai,Industrial,3418,3,3,15,19,3,Semi-Furnished,North,80,7.9,9,3,2,44731904
Jaipur,Office,2424,3,2,24,1,3,Unfurnished,North-East,28,5.1,3,2,1,21293935
Surat,House,4831,2,3,10,3,1,Semi-Furnished,South,26,6.7,5,4,1,42330876
Hyderabad,Apartment,1925,3,3,21,18,2,Semi-Furnished,South,74,5.9,3,2,0,18515521
Jaipur,Office,1678,3,2,3,8,3,Unfurnished,East,86,1.5,8,3,0,15773441
Chennai,Office,913,2,3,16,6,2,Semi-Furnished,North-East,65,7.7,8,2,2,16327936
Surat,Commercial,4737,2,2,7,29,1,Furnished,North-West,50,2.6,2,3,2,54147110
Jaipur,Farm,2133,5,4,13,12,2,Furnished,North,51,1.3,6,1,1,13080511
Bangalore,Commercial,3770,4,1,26,26,1,Furnished,South,15,5.1,4,3,2,83476650
Hyderabad,Farm,4321,1,1,1,11,0,Furnished,North-East,78,8.8,8,2,2,29212460
Jaipur,Farm,2900,1,4,10,2,1,Semi-Furnished,South-West,84,2.4,1,3,2,14470917
Surat,Apartment,3864,3,2,10,12,0,Semi-Furnished,South-East,82,1.1,2,0,0,24722655
Pune,Industrial,2659,5,2,23,14,1,Unfurnished,North-East,49,2.0,9,3,0,31714781
Delhi,Apartment,3059,3,2,21,13,3,Semi-Furnished,South-West,50,4.3,4,3,1,48106716
Kolkata,House,655,1,2,23,23,3,Semi-Furnished,North,18,6.2,4,0,2,9032738
Delhi,Farm,1902,2,4,5,8,2,Semi-Furnished,North-East,17,2.7,9,0,0,22397973
Delhi,Office,2510,4,1,20,12,1,Unfurnished,South-West,53,8.2,6,0,2,53927973
Mumbai,Industrial,806,5,3,20,22,1,Furnished,North-East,67,7.8,7,4,1,23757778
Bangalore,Villa,3249,2,3,13,21,1,Semi-Furnished,North-East,76,7.3,7,3,2,76073319
Pune,House,3576,4,1,29,3,2,Unfurnished,South-East,22,5.4,0,0,1,51496516
Ahmedabad,Apartment,2260,5,4,9,20,3,Unfurnished,South-West,28,4.3,0,0,1,17386344
Jaipur,Commercial,4754,5,3,25,7,1,Unfurnished,South-West,58,4.4,2,1,0,43589903
Kolkata,House,1122,1,1,26,2,2,Furnished,South,89,5.5,0,4,2,13404210
Hyderabad,House,1682,2,4,7,1,1,Semi-Furnished,North,91,1.7,0,3,0,18790271
Pune,Industrial,1013,5,3,6,18,0,Unfurnished,South-East,87,7.1,9,2,2,16247750
Chennai,House,3731,5,2,7,27,1,Furnished,North-East,39,4.2,7,4,2,53627847
Ahmedabad,House,3516,4,2,27,22,0,Unfurnished,North-East,75,3.0,0,4,1,33631323
Mumbai,Villa,2378,1,4,7,7,2,Unfurnished,South,86,3.5,8,1,1,80318293
Mumbai,Commercial,1212,3,2,22,16,2,Unfurnished,North,68,2.6,1,3,2,36305597
Pune,Commercial,2186,1,4,1,12,3,Unfurnished,East,62,9.1,8,3,0,38370551
Surat,Commercial,730,3,1,26,6,1,Unfurnished,South-East,61,2.5,6,0,1,7991156
Delhi,Farm,2612,2,1,15,8,2,Furnished,South,90,8.9,8,0,1,32149565
Chennai,Office,1616,2,3,8,11,3,Semi-Furnished,North,40,6.2,2,4,2,27348802
Mumbai,Commercial,4882,5,4,12,28,1,Semi-Furnished,South-East,24,8.8,0,1,2,158957418
Kolkata,House,3737,2,3,22,13,2,Semi-Furnished,North-East,29,5.3,0,3,1,35620604
Mumbai,House,2775,5,3,11,13,0,Semi-Furnished,North,14,9.3,9,1,0,75124920
Hyderabad,Commercial,1640,1,1,26,14,2,Furnished,North,16,2.9,5,2,1,26028207
Jaipur,Industrial,719,2,3,21,2,0,Furnished,North-West,27,6.0,6,3,2,7322854
Mumbai,Commercial,4894,1,2,24,14,3,Furnished,North,65,2.1,8,0,1,151449675
Hyderabad,House,2314,1,3,28,18,3,Unfurnished,East,84,5.0,5,4,2,26777304
Pune,Farm,4600,2,4,16,23,1,Unfurnished,North,99,6.1,4,1,1,34410069
Pune,Apartment,729,1,2,26,19,1,Unfurnished,East,54,6.5,1,0,2,9254835
Ahmedabad,Apartment,1059,2,1,1,13,1,Semi-Furnished,North-East,37,4.3,1,4,2,10341548
Mumbai,Commercial,4088,2,4,12,7,3,Unfurnished,East,59,1.7,7,0,0,127375507
Kolkata,Villa,3518,2,2,0,4,0,Semi-Furnished,South-East,11,6.9,0,3,2,46582982
Mumbai,Commercial,2372,3,4,25,29,1,Unfurnished,North-East,93,5.4,7,1,1,78689276
Kolkata,Industrial,2193,1,2,27,18,1,Semi-Furnished,North-East,77,2.2,9,2,2,21947636
Bangalore,Commercial,3618,4,4,18,3,3,Unfurnished,East,86,9.4,6,0,1,75343530
Ahmedabad,Apartment,4957,2,4,10,13,0,Unfurnished,South-West,33,9.6,6,1,0,38239202
Bangalore,House,2933,1,2,4,15,2,Furnished,South,57,8.7,4,3,1,56786344
Mumbai,Commercial,2857,5,1,0,19,1,Unfurnished,West,54,8.6,2,0,0,90193961
Ahmedabad,House,3500,2,1,19,23,2,Unfurnished,South-West,67,1.9,6,3,0,31540480
Bangalore,House,4766,2,4,29,5,2,Furnished,North,45,9.9,6,2,2,91774671
Delhi,Villa,3133,4,4,12,22,1,Semi-Furnished,North-West,11,4.6,6,2,0,90480873
Mumbai,House,4880,3,1,7,24,3,Furnished,West,27,2.5,1,4,1,141116719
Bangalore,Apartment,4555,3,1,5,5,1,Furnished,North,58,8.3,2,4,0,60607409
Delhi,Farm,619,2,3,28,2,0,Semi-Furnished,South-West,17,3.0,2,4,0,6546201
Delhi,Farm,3218,1,1,16,14,0,Unfurnished,South-West,67,5.7,3,3,2,35607160
Pune,Office,2306,5,4,11,28,1,Semi-Furnished,North,24,2.2,8,4,1,40616544
Mumbai,Industrial,3011,5,2,0,2,2,Unfurnished,North-East,26,5.3,9,1,0,67884411
Delhi,Commercial,2993,1,1,2,10,0,Unfurnished,North,32,6.0,0,3,2,71205842
Pune,Industrial,495,2,3,13,2,0,Semi-Furnished,North-West,75,5.0,6,3,2,8136749
Bangalore,Apartment,1388,5,3,25,27,1,Furnished,South-West,79,1.6,6,4,1,22573492
Hyderabad,House,1512,3,3,7,9,1,Semi-Furnished,North,36,5.4,3,4,2,19903974
Mumbai,Farm,2678,1,2,10,17,3,Unfurnished,East,46,5.2,0,3,0,36005622
Ahmedabad,Industrial,645,4,1,26,0,1,Semi-Furnished,West,58,3.4,2,2,2,6632681
Kolkata,Apartment,2558,2,1,13,15,1,Semi-Furnished,East,73,9.3,4,2,1,21921666
Kolkata,Farm,4729,1,1,7,15,0,Unfurnished,North-West,43,4.8,1,4,1,24831829
Bangalore,House,3749,5,2,28,26,0,Furnished,North,27,8.8,6,2,2,69212770
Surat,Industrial,3125,2,2,2,9,0,Semi-Furnished,South-East,73,2.0,9,1,0,27878854
Surat,Farm,4477,3,4,6,0,2,Unfurnished,North-West,83,3.9,9,1,2,20193502
Bangalore,Commercial,3066,2,3,27,3,0,Unfurnished,North-East,53,2.6,6,1,1,54972308
Delhi,Commercial,3599,2,3,18,2,0,Semi-Furnished,East,26,4.7,9,3,2,90018761
Mumbai,Office,3154,3,1,3,4,1,Furnished,East,68,2.0,4,3,2,94306693
Kolkata,Office,1817,3,2,24,11,3,Semi-Furnished,South,22,5.0,9,3,0,19762305
Kolkata,Farm,1054,2,2,15,24,0,Furnished,North,61,4.2,5,3,2,8967092
Delhi,Apartment,2842,3,1,12,11,3,Furnished,North-East,69,3.0,0,3,0,50674651
Kolkata,Commercial,510,1,1,19,12,0,Furnished,South-East,51,6.8,3,4,2,8059788
Ahmedabad,Apartment,489,3,4,18,23,0,Furnished,East,73,9.6,3,2,2,6517522
Mumbai,Apartment,1162,3,3,4,11,3,Semi-Furnished,East,75,2.9,7,4,0,23403095
Jaipur,Farm,3572,2,3,22,24,1,Unfurnished,North-East,43,7.4,1,2,0,15205769
Kolkata,Apartment,2579,1,3,4,15,0,Unfurnished,North-West,96,7.7,0,4,1,23073158
Bangalore,Commercial,2904,4,4,19,12,3,Unfurnished,North-West,80,5.5,6,1,0,57166470
Ahmedabad,House,1864,4,1,23,4,0,Unfurnished,North,73,9.1,5,0,2,18957823
Kolkata,Office,497,5,1,3,23,2,Unfurnished,South-West,42,9.7,4,3,1,9908631
Ahmedabad,House,692,3,3,1,3,2,Unfurnished,South,21,4.3,7,0,0,8728759
Pune,Apartment,2239,3,3,25,20,2,Semi-Furnished,East,85,6.9,1,0,0,24769199
Jaipur,House,2134,1,4,12,14,2,Furnished,South-West,28,7.0,1,1,1,19876678
Chennai,Commercial,3019,4,2,29,11,1,Unfurnished,South-West,18,4.6,8,0,2,44787293
Bangalore,Commercial,2596,5,2,15,18,2,Semi-Furnished,South,83,3.9,0,0,2,56710910
Bangalore,Apartment,3866,1,3,21,20,3,Unfurnished,South-West,26,9.4,5,1,1,52044684
Mumbai,Farm,2306,3,4,1,27,0,Unfurnished,South-West,59,8.1,2,2,2,36800202
Ahmedabad,House,2121,4,3,18,18,3,Furnished,North-West,48,2.0,4,4,0,22414312
Delhi,Farm,4091,5,2,16,20,2,Furnished,North-West,50,2.1,7,0,2,49266391
Bangalore,Farm,2216,2,3,4,10,1,Furnished,West,19,9.3,6,3,0,25443373
Ahmedabad,Villa,652,4,2,24,29,2,Unfurnished,South-East,21,1.7,3,1,2,10087811
Ahmedabad,Apartment,4627,5,2,17,20,2,Unfurnished,North,88,7.2,7,0,0,36042160
Hyderabad,Office,3919,1,2,27,5,1,Unfurnished,South-West,24,3.0,9,2,1,47599899
Hyderabad,Commercial,2307,2,1,22,8,1,Furnished,West,37,1.3,1,2,0,33656658
Chennai,Commercial,2310,5,1,20,0,1,Semi-Furnished,South-East,13,1.5,6,3,2,39126317
Pune,Apartment,2921,5,3,17,11,1,Unfurnished,West,45,4.4,4,0,0,31698137
Chennai,Industrial,4249,3,2,7,25,1,Unfurnished,West,74,1.7,5,3,2,50276552
Kolkata,Industrial,1458,4,1,26,13,1,Unfurnished,North,56,6.4,2,2,2,14434551
Delhi,Industrial,3938,3,3,14,5,0,Semi-Furnished,North,90,6.8,9,2,0,75229064
Kolkata,Office,2722,2,3,12,0,2,Unfurnished,North-East,48,4.4,6,4,2,29755762
Surat,Commercial,586,5,3,12,21,2,Semi-Furnished,South,47,7.7,6,2,1,9464917
Kolkata,Apartment,1348,3,3,15,1,1,Unfurnished,South,53,5.4,1,1,2,10038862
Mumbai,Commercial,2690,4,3,21,23,3,Semi-Furnished,North-East,60,4.9,0,4,1,81548818
Kolkata,Farm,4759,2,4,19,10,1,Unfurnished,North-East,94,4.7,9,3,1,26985097
Chennai,House,609,1,2,12,2,0,Furnished,North-West,35,4.9,1,2,2,9796778
Bangalore,House,2493,3,3,19,9,3,Furnished,South-East,45,9.7,7,1,1,45596050
Bangalore,Commercial,3938,2,4,1,29,0,Furnished,West,78,7.1,9,4,1,97606968
Hyderabad,Villa,1963,1,2,2,5,3,Furnished,South-West,10,3.8,2,1,0,34444183
Delhi,Office,425,3,1,14,5,3,Unfurnished,North-East,62,7.6,3,4,1,12739655
Delhi,Industrial,574,2,3,22,19,1,Furnished,East,15,4.0,7,4,1,13613869
Mumbai,Office,1734,2,4,18,20,0,Semi-Furnished,South,46,2.1,2,4,1,51403099
Chennai,Office,721,3,1,12,1,3,Furnished,North-East,11,5.3,5,3,1,14644219
Hyderabad,Farm,4550,2,4,4,25,0,Furnished,East,78,7.8,1,4,1,32266018
Surat,Office,4447,5,2,25,25,1,Furnished,East,99,4.4,2,4,2,46366151
Delhi,House,3627,3,2,21,23,1,Unfurnished,East,50,8.8,0,1,1,74033287
Bangalore,Farm,2272,2,1,5,9,1,Furnished,North-West,60,4.5,8,4,2,25665538
Kolkata,Apartment,2467,1,4,13,22,1,Semi-Furnished,North-West,56,4.1,3,3,2,22225432
Kolkata,Office,732,1,3,3,25,2,Furnished,South-West,22,10.0,5,1,2,13342043
Hyderabad,Office,3391,5,3,21,5,3,Furnished,South-West,85,5.3,6,4,0,53552236
Chennai,Apartment,1310,3,1,18,22,2,Furnished,East,78,8.2,1,1,0,15657531
Chennai,Office,4896,2,1,22,27,1,Semi-Furnished,South-East,75,8.2,7,3,2,71871473
Pune,Apartment,1349,2,1,6,16,3,Furnished,North-West,68,9.3,8,1,0,18670697
Jaipur,Farm,2475,1,4,3,29,3,Semi-Furnished,West,77,1.8,9,3,1,13295591
Delhi,House,2914,5,3,1,13,0,Semi-Furnished,East,68,3.4,1,2,2,54364807
Chennai,Apartment,3731,1,3,26,4,1,Furnished,West,19,7.9,4,4,2,40816694
Bangalore,Villa,3429,1,3,6,22,2,Semi-Furnished,West,22,6.1,1,3,2,84042433
Hyderabad,Apartment,500,5,1,2,16,0,Unfurnished,East,11,6.0,4,4,0,6718349
Surat,Office,2800,3,3,14,1,3,Furnished,South,99,2.5,6,3,0,29650615
Pune,Industrial,3771,2,2,0,8,2,Furnished,South-East,24,3.5,5,0,0,53707232
Ahmedabad,Industrial,2743,3,1,1,11,1,Semi-Furnished,East,55,5.7,3,0,1,26162722
Mumbai,Farm,752,4,3,9,18,2,Semi-Furnished,South-West,66,3.5,1,0,0,11680046
Surat,Commercial,3355,4,4,15,21,2,Furnished,East,19,2.9,6,3,2,44770170
Ahmedabad,Farm,1418,4,1,24,6,2,Unfurnished,North-West,31,1.8,9,4,0,7318485
Kolkata,Commercial,1579,5,2,27,8,0,Semi-Furnished,East,98,2.4,8,0,0,19340928
Mumbai,Industrial,3936,1,2,14,20,3,Semi-Furnished,South,88,7.9,0,4,0,97178178
Delhi,Industrial,4050,3,4,23,15,2,Unfurnished,North-West,86,7.5,2,3,0,73947242
Bangalore,Apartment,2902,2,4,14,19,3,Unfurnished,South-West,17,1.4,6,4,2,39107172
Mumbai,House,4219,4,1,13,10,0,Furnished,North,30,2.8,8,4,0,111419242
Jaipur,Villa,1379,3,1,21,11,1,Unfurnished,North,94,6.0,4,0,2,15556758
Ahmedabad,Farm,1376,4,2,13,14,1,Furnished,West,31,3.9,6,1,0,8844257
Delhi,Office,1771,4,4,5,17,2,Unfurnished,South-East,54,8.4,9,2,1,40728344
Jaipur,Commercial,2680,2,1,13,18,0,Semi-Furnished,West,49,8.1,6,3,1,27978580
Kolkata,Office,4976,5,2,16,15,1,Furnished,South,31,9.0,3,3,2,60842204
Jaipur,House,507,1,4,17,14,0,Furnished,North-East,39,6.1,4,3,2,5921624
Pune,Commercial,1372,5,2,19,4,0,Furnished,South-West,71,4.2,1,2,1,28694665
Pune,Farm,2026,3,3,18,10,2,Unfurnished,South-East,82,6.5,7,1,1,16744786
Hyderabad,Apartment,1103,5,4,29,14,2,Semi-Furnished,South-West,54,1.8,0,4,0,11198987
Surat,Office,1274,3,1,16,28,0,Furnished,North,44,1.1,1,3,1,14670574
Surat,House,4209,3,1,15,17,0,Furnished,West,91,1.2,2,4,2,40951786
Delhi,Farm,2811,1,3,7,12,2,Furnished,South-West,51,4.7,6,0,2,38345196
Kolkata,Industrial,2507,2,4,6,3,0,Furnished,North,14,3.1,5,0,1,24412485
Chennai,Industrial,3953,1,2,19,16,2,Semi-Furnished,South,36,2.4,6,0,2,44688464
Pune,Farm,1673,5,1,27,3,3,Unfurnished,South,79,6.5,4,3,0,13188995
Delhi,Farm,959,3,3,11,15,0,Semi-Furnished,North-East,71,10.0,3,2,0,14183268
Chennai,Farm,516,4,3,8,22,2,Furnished,South-West,41,2.6,6,3,1,6827243
Surat,Commercial,3446,4,4,26,14,0,Semi-Furnished,North-East,17,5.9,2,0,2,38355340
Hyderabad,Farm,443,3,4,13,13,2,Furnished,North-West,94,2.1,9,0,1,4710396
Jaipur,Office,908,1,1,19,11,0,Unfurnished,South-East,27,9.4,6,3,2,10040533
Pune,House,3839,2,3,0,2,1,Unfurnished,South-West,87,3.6,1,2,2,51653033
Delhi,Commercial,4328,1,2,9,9,1,Unfurnished,South,24,8.9,7,2,2,106817070
Mumbai,Farm,1316,3,3,16,7,0,Furnished,West,35,3.5,5,4,0,21328972
Chennai,Villa,3345,3,2,16,5,1,Semi-Furnished,North,62,8.3,2,1,2,58284106
Jaipur,Villa,1198,2,2,16,21,0,Unfurnished,East,53,2.9,2,0,0,14124207
Pune,House,2160,5,1,3,13,0,Furnished,North-East,41,3.6,4,2,2,38290516
Surat,Industrial,2733,5,3,16,16,3,Furnished,East,37,2.7,2,0,1,26935058
Kolkata,Apartment,3675,2,2,17,20,3,Semi-Furnished,South-West,48,3.4,5,1,0,29992718
Chennai,Apartment,1218,5,4,19,18,1,Unfurnished,West,41,8.5,1,0,0,13443003
Surat,Industrial,2568,4,2,22,15,3,Furnished,North-East,86,6.8,7,2,0,24301798
Pune,Commercial,4135,5,4,1,14,3,Semi-Furnished,East,88,4.7,8,4,1,72314216
Chennai,Commercial,3465,5,4,7,25,0,Unfurnished,South-East,27,9.7,6,3,0,54421597
Jaipur,Commercial,3659,5,3,12,14,2,Semi-Furnished,West,79,5.2,2,3,1,35942782
Pune,Apartment,1306,4,4,22,0,0,Semi-Furnished,North,20,9.7,9,2,2,16437352
Ahmedabad,Villa,4508,5,2,24,23,3,Furnished,South-East,41,2.8,3,2,2,70117702
Delhi,Apartment,1002,4,4,29,22,0,Furnished,West,29,9.1,9,1,1,19175761
Jaipur,Office,4695,2,3,21,22,1,Furnished,North-West,49,1.1,1,0,0,44486629
Chennai,Farm,3033,1,1,19,11,2,Semi-Furnished,North-East,17,5.9,8,1,0,20310893
Kolkata,Commercial,2191,2,2,21,9,3,Furnished,South,44,4.8,4,3,1,30019521
Surat,Villa,3927,1,2,14,13,3,Semi-Furnished,North,78,5.7,1,0,2,48717550
Mumbai,House,4943,2,3,19,9,0,Semi-Furnished,South-West,87,6.0,9,1,1,124479584
Surat,House,2211,1,3,22,9,0,Furnished,South-East,30,4.5,5,3,0,20761501
Chennai,Farm,4311,1,3,8,19,0,Unfurnished,South-East,33,10.0,6,0,0,30428272
Surat,Villa,1240,3,3,2,28,0,Unfurnished,East,26,9.8,1,4,0,17337185
Delhi,Apartment,3542,1,2,2,10,3,Unfurnished,North-East,27,9.7,0,4,0,54401061
Pune,Apartment,2490,1,1,1,21,0,Semi-Furnished,South-West,21,9.8,6,1,2,30662518
Mumbai,Office,1436,3,4,0,15,3,Semi-Furnished,South,25,8.1,0,2,2,44512598
Bangalore,Office,1124,5,4,13,28,0,Semi-Furnished,West,13,9.9,2,0,2,24909777
Chennai,Apartment,1387,5,1,16,8,2,Furnished,South,98,9.0,3,1,0,17266158
Hyderabad,House,1202,3,1,12,14,2,Semi-Furnished,North-East,43,4.7,1,2,0,15498167
Bangalore,Commercial,2982,4,1,18,13,0,Furnished,North-East,55,8.1,6,2,0,72004722
Surat,House,4237,1,3,29,18,0,Furnished,North-West,84,9.2,4,0,1,39223896
Chennai,Office,926,1,2,22,8,1,Unfurnished,North-West,86,7.4,0,0,0,13618592
Ahmedabad,Farm,2065,3,2,14,3,2,Unfurnished,South,40,4.8,7,2,2,11431103
Hyderabad,Apartment,1538,3,2,26,20,3,Unfurnished,West,34,1.6,9,3,2,13465903
Mumbai,Office,859,4,3,24,6,2,Furnished,South,83,8.3,6,1,2,27854265
Kolkata,Office,2952,5,2,13,21,3,Furnished,North-East,33,9.6,3,0,1,37356566
Ahmedabad,Commercial,4820,2,3,1,25,0,Furnished,North-East,74,4.3,1,2,2,58845860
Bangalore,Apartment,3208,5,2,6,7,2,Semi-Furnished,East,34,2.4,6,3,1,44194164
Pune,Commercial,3298,1,1,16,23,2,Furnished,North-West,37,3.9,1,4,1,59259202
Delhi,Apartment,3643,3,4,17,7,1,Unfurnished,South-West,45,6.2,5,2,1,53424193
Kolkata,Commercial,4468,4,4,5,18,1,Unfurnished,South-West,91,3.9,0,3,0,55180270
Ahmedabad,House,2731,5,3,26,14,2,Furnished,South-West,15,6.5,6,4,0,27728167
Pune,Farm,4970,4,2,20,15,2,Furnished,East,75,9.7,6,3,2,42653041
Pune,Farm,4085,5,4,7,29,2,Unfurnished,North,76,7.0,3,0,2,30817233
Chennai,Apartment,1031,1,1,27,25,3,Furnished,South-West,81,4.3,3,2,1,11886437
Ahmedabad,Villa,2856,2,1,26,21,0,Unfurnished,North-East,57,9.4,9,4,0,38156235
Mumbai,Industrial,1381,4,1,1,22,1,Semi-Furnished,East,92,6.1,4,3,2,36289816
Surat,Office,4717,4,3,0,8,0,Unfurnished,South,79,2.2,1,4,2,50376948
Hyderabad,Office,1956,2,3,15,25,1,Semi-Furnished,North-West,87,5.5,8,1,0,26231965
Hyderabad,Apartment,2605,4,2,6,25,1,Furnished,North-West,76,6.9,9,2,1,29994571
Bangalore,Commercial,4843,4,1,21,29,1,Furnished,West,57,8.5,3,0,2,106100779
Bangalore,Villa,4355,5,2,23,11,2,Semi-Furnished,South,74,9.4,8,4,2,99981597
Hyderabad,House,1321,5,2,10,15,1,Furnished,West,53,3.9,2,3,0,20778599
Mumbai,Commercial,804,2,1,14,3,0,Semi-Furnished,East,72,2.4,8,4,0,24572294
Delhi,Commercial,2020,1,2,12,4,1,Furnished,South-East,55,1.7,0,3,1,57393770
Jaipur,Apartment,3352,4,4,29,7,0,Unfurnished,South-West,28,7.6,6,4,1,20563055
Surat,Apartment,3518,1,3,23,0,1,Furnished,North,73,8.2,3,0,2,24712760
Delhi,Office,1994,2,2,1,27,1,Unfurnished,South,92,4.7,6,0,1,41919267
Chennai,Apartment,965,2,1,13,5,2,Unfurnished,South,82,4.6,9,2,2,11354402
Jaipur,Apartment,3268,5,3,23,14,0,Semi-Furnished,South,80,9.6,5,0,2,20889384
Jaipur,Apartment,1257,4,3,5,3,1,Furnished,West,59,9.3,3,4,0,11035012
Ahmedabad,Office,1684,3,2,8,20,1,Semi-Furnished,East,72,3.1,3,4,2,18353290
Mumbai,House,984,2,4,27,10,0,Furnished,South,50,8.0,7,0,0,28526138
Mumbai,House,4727,4,2,6,4,1,Unfurnished,South-East,16,6.6,6,1,2,104868259
Jaipur,Industrial,1645,1,4,17,17,3,Unfurnished,South,18,2.4,3,4,2,13047683
Ahmedabad,Industrial,451,5,3,23,23,2,Furnished,North-West,13,4.2,5,2,2,6413720
Surat,Apartment,2563,1,2,8,14,0,Furnished,South-West,98,2.6,5,1,1,20816962
Jaipur,Industrial,937,2,1,22,17,2,Semi-Furnished,North,58,3.7,0,0,1,7020438
Kolkata,Office,940,2,2,3,19,3,Furnished,South-West,85,6.5,1,3,0,14305216
Bangalore,House,1214,1,4,8,27,3,Furnished,North-West,15,4.4,3,4,2,25744655
Bangalore,Commercial,1815,2,4,3,12,3,Furnished,North-West,91,4.5,5,3,0,43929589
Delhi,House,3238,4,2,11,4,0,Semi-Furnished,North,30,5.9,5,2,0,59909981
Chennai,House,2052,2,4,3,29,3,Furnished,South-East,24,1.8,0,1,2,27983529
Bangalore,Office,3065,5,3,24,0,0,Unfurnished,East,76,7.6,7,3,1,59933533
Pune,Industrial,4914,4,2,29,21,0,Semi-Furnished,North-West,75,4.6,1,2,1,63277681
Delhi,Commercial,4462,3,4,23,17,1,Semi-Furnished,East,65,5.3,4,3,0,101281678
Bangalore,Office,2756,2,2,19,13,0,Unfurnished,North-West,77,9.8,3,3,1,54327164
Chennai,Apartment,4210,2,2,13,4,3,Unfurnished,North-East,41,4.1,4,2,2,39059249
Mumbai,Farm,1263,5,1,23,5,0,Unfurnished,North,75,6.8,4,4,2,17919775
Mumbai,House,585,5,2,23,26,0,Furnished,North-West,38,4.5,9,3,1,17628820
Surat,Farm,4756,1,1,6,23,2,Unfurnished,North-East,75,9.0,7,2,1,22607830
Jaipur,Office,1951,1,4,25,24,3,Furnished,South-West,43,8.6,9,3,0,20380884
Kolkata,Office,2607,1,1,12,28,0,Semi-Furnished,West,36,3.2,6,4,1,31368788
Mumbai,Office,1161,5,1,21,27,1,Semi-Furnished,North-East,69,7.2,8,2,0,38693466
Ahmedabad,Farm,4719,1,1,7,15,0,Unfurnished,South,48,1.6,0,3,2,21571840
Bangalore,Office,1679,1,3,22,21,0,Furnished,North-West,53,9.7,5,0,2,36718379
Ahmedabad,Apartment,4675,3,1,4,20,2,Unfurnished,North-East,91,4.1,5,4,2,33748383
Chennai,Office,4094,1,2,11,11,3,Unfurnished,East,45,8.5,1,3,1,59335976
Mumbai,Villa,3681,2,1,12,19,3,Furnished,West,28,3.9,7,1,1,146424049
Kolkata,Industrial,1936,5,2,28,17,1,Unfurnished,South-East,54,6.7,5,2,1,18558337
Chennai,Farm,3564,4,1,19,1,1,Semi-Furnished,North-West,93,9.9,9,3,0,25506629
Pune,Villa,3170,3,3,13,22,1,Unfurnished,South,30,8.9,8,4,0,62068605
Pune,Office,2363,5,4,27,20,0,Furnished,South-East,32,2.4,9,4,0,39199998
Ahmedabad,Apartment,4245,5,1,17,22,0,Furnished,North-East,98,5.9,4,1,2,31155491
Jaipur,House,3835,2,1,26,12,1,Semi-Furnished,South-East,36,4.1,6,1,0,33519894
Delhi,Commercial,961,1,3,23,26,3,Furnished,South-East,81,4.9,5,3,1,26164005
Jaipur,Industrial,2821,2,1,24,16,3,Furnished,West,28,4.0,4,0,1,22408059
Surat,Commercial,2535,1,2,19,16,1,Semi-Furnished,South-West,50,4.0,5,4,2,28404701
Jaipur,Office,2461,1,1,3,15,2,Unfurnished,South-East,35,5.9,3,0,1,23107318
Surat,Industrial,2580,5,1,20,20,3,Semi-Furnished,South-East,37,2.7,2,0,1,22602840
Surat,Industrial,2360,1,4,17,17,3,Unfurnished,North-West,73,5.8,0,3,1,20390110
Kolkata,Apartment,4279,3,4,6,7,1,Semi-Furnished,South-West,77,3.5,0,2,0,31158722
Mumbai,Industrial,3679,3,1,14,29,3,Unfurnished,West,89,3.6,5,2,0,87396963
Kolkata,Farm,4284,3,3,20,2,0,Semi-Furnished,South,60,7.6,8,2,1,24921722
Surat,Villa,3670,5,4,5,16,0,Unfurnished,North-East,83,1.3,7,1,1,43411286
Chennai,Villa,982,2,1,15,28,3,Semi-Furnished,West,57,4.4,1,4,1,19767792
Pune,Villa,2013,4,4,19,17,0,Unfurnished,West,19,4.7,8,1,1,34268583
Surat,Farm,1501,1,1,23,25,2,Semi-Furnished,North,82,5.4,7,4,0,8617994
Kolkata,Commercial,688,4,4,7,25,3,Furnished,West,48,7.0,8,4,2,12867965
Chennai,Apartment,4259,2,4,27,22,1,Unfurnished,South-West,28,4.3,3,4,1,37916665
Kolkata,Industrial,3460,2,2,20,5,0,Semi-Furnished,North,73,2.9,8,3,0,30933738
Jaipur,Farm,3326,5,1,15,27,2,Unfurnished,North-East,28,9.0,1,2,1,16936403
Bangalore,Villa,4502,3,1,27,7,2,Unfurnished,South-East,85,9.8,0,1,2,101109545
Ahmedabad,Office,1583,3,1,21,22,0,Semi-Furnished,North-West,71,1.2,8,1,0,17914430
Delhi,House,4735,2,1,15,29,2,Unfurnished,North-West,22,5.9,9,3,0,86800684
Kolkata,Industrial,1846,5,4,2,25,3,Semi-Furnished,North-East,34,4.1,7,4,2,21228760
Delhi,Farm,2149,5,2,16,12,2,Furnished,North-East,98,3.5,6,2,2,27081987
Hyderabad,Farm,2303,1,2,8,7,0,Unfurnished,South-West,51,4.0,7,0,0,14990983
Kolkata,Apartment,3575,3,3,24,18,2,Furnished,East,48,6.7,0,0,2,32247718
Bangalore,Apartment,1477,2,1,2,5,0,Unfurnished,South-East,39,2.7,8,3,1,19972331
Delhi,Farm,2777,4,3,19,28,0,Unfurnished,North-East,14,9.2,9,2,2,29628020
Surat,Villa,1247,3,4,28,22,2,Unfurnished,West,90,5.2,8,0,2,16479508
Kolkata,House,3276,1,3,6,14,0,Semi-Furnished,South-West,27,3.9,8,0,0,33442738
Mumbai,Industrial,1639,5,1,17,9,0,Furnished,North-West,30,7.9,5,1,2,43757298
Ahmedabad,Apartment,1732,2,2,11,26,1,Unfurnished,South,95,1.1,3,2,0,12874215
Bangalore,Industrial,3906,3,2,18,16,3,Semi-Furnished,South-West,59,4.9,1,0,1,59263572
Delhi,Villa,2779,4,1,15,0,0,Unfurnished,North-West,15,4.2,3,1,2,72871752
Bangalore,Industrial,4522,1,4,21,6,3,Semi-Furnished,North,59,4.0,6,2,2,67483938
Chennai,Office,3637,1,1,26,28,1,Unfurnished,South-West,89,4.0,0,4,0,49819352
Ahmedabad,Apartment,2765,3,4,23,26,1,Furnished,North-West,75,1.3,8,2,0,23240901
Surat,Villa,2812,4,2,16,12,1,Furnished,East,10,2.4,2,3,2,37801462
Kolkata,Villa,3574,1,4,19,2,1,Unfurnished,South-West,66,2.3,3,1,0,43147408
Kolkata,House,772,2,1,14,18,3,Semi-Furnished,South-West,39,9.9,4,4,2,11130147
Kolkata,House,2349,1,1,0,14,2,Unfurnished,South-East,67,1.2,2,1,1,25767276
Ahmedabad,Office,644,4,1,1,4,2,Semi-Furnished,North-East,61,2.5,3,1,2,9689566
Mumbai,Villa,2240,5,4,7,10,3,Unfurnished,South-East,46,9.8,4,0,1,75524656
Hyderabad,Commercial,3827,5,4,21,21,0,Semi-Furnished,South-West,57,6.7,0,2,1,57705894
Pune,Villa,524,3,4,24,17,3,Furnished,North-East,96,5.1,8,1,0,14797756
Jaipur,House,3153,4,2,1,2,0,Unfurnished,North-West,10,1.7,9,1,0,25441767
Delhi,Commercial,2319,1,3,18,5,0,Furnished,South,28,7.0,9,3,0,56054379
Mumbai,Apartment,2035,1,3,8,2,2,Furnished,South,55,2.2,3,3,0,44923520
Surat,Apartment,1825,5,1,8,29,1,Unfurnished,South-West,76,7.0,8,3,2,16374520
Delhi,Industrial,1940,5,2,12,4,2,Unfurnished,East,11,9.8,3,1,1,31986275
Kolkata,Farm,930,2,4,5,8,2,Semi-Furnished,North,65,5.8,0,4,2,8364220
Bangalore,House,4749,5,1,29,27,3,Semi-Furnished,North-West,26,2.9,4,2,1,79111908
Surat,Farm,3503,2,2,14,18,3,Furnished,North-East,91,6.6,8,1,1,21352196
Delhi,Commercial,2201,1,1,18,27,0,Semi-Furnished,South-West,88,5.6,2,0,1,53466617
Kolkata,House,1436,2,2,20,26,3,Semi-Furnished,North-West,31,5.8,4,4,2,16982504
Delhi,Office,4128,2,2,14,12,0,Unfurnished,South-West,36,5.3,2,4,0,89933141
Bangalore,Villa,4411,3,3,17,28,0,Semi-Furnished,East,64,7.1,2,2,2,106860451
Kolkata,Office,3863,5,1,6,5,1,Furnished,West,41,6.1,0,4,1,50591988
Hyderabad,Commercial,1542,2,4,25,10,1,Semi-Furnished,West,69,9.9,1,2,2,22314133
Mumbai,House,2155,1,3,10,20,2,Furnished,East,92,8.4,1,4,1,60474822
Chennai,Commercial,2029,4,3,7,20,1,Unfurnished,North-East,37,3.4,8,2,0,31962080
Jaipur,Villa,1162,2,4,5,26,0,Furnished,South-East,37,7.5,6,3,0,17418839
Ahmedabad,Apartment,4357,5,2,7,29,3,Semi-Furnished,East,83,2.9,7,3,2,34768583
Jaipur,Apartment,957,3,4,1,13,1,Unfurnished,South-West,93,8.0,1,4,0,8499538
Surat,Commercial,1239,1,1,18,5,1,Semi-Furnished,North-East,34,2.3,8,4,1,13093019
Jaipur,Farm,402,3,4,15,5,1,Unfurnished,South,94,5.3,2,2,1,4051118
Kolkata,House,1451,4,2,6,16,1,Unfurnished,East,87,8.1,9,2,0,16395388
Hyderabad,House,1804,2,4,9,10,0,Semi-Furnished,North-East,95,3.5,1,1,0,22288598
Chennai,Apartment,556,2,2,11,14,0,Semi-Furnished,East,35,8.5,0,3,0,7393519
Mumbai,Industrial,2337,5,2,16,8,2,Unfurnished,East,84,6.8,8,1,2,57877047
Mumbai,Office,910,2,1,6,20,3,Unfurnished,South-East,80,4.6,7,1,2,26910388
Bangalore,Industrial,3804,1,4,21,16,2,Semi-Furnished,South-East,26,4.8,3,0,1,63401368
Ahmedabad,Villa,1537,4,4,7,23,2,Furnished,South-West,91,9.3,6,2,2,26680841
Delhi,Office,4314,3,1,6,6,1,Semi-Furnished,North-East,16,3.0,2,0,2,94945933
Hyderabad,Office,3721,4,2,3,6,3,Unfurnished,North-East,65,7.2,2,0,1,45831768
Delhi,Commercial,1114,2,4,2,29,1,Semi-Furnished,North,73,7.4,3,1,1,32810706
Chennai,Apartment,2686,3,1,18,20,0,Furnished,East,29,9.3,1,0,0,28445630
Jaipur,Industrial,3054,5,2,14,0,2,Semi-Furnished,West,47,7.4,9,2,0,24285641
Mumbai,Industrial,1390,4,1,3,24,3,Unfurnished,East,84,6.3,3,1,2,34728506
Chennai,Apartment,4829,3,4,24,26,0,Semi-Furnished,East,67,9.1,9,2,1,48848472
Jaipur,Industrial,2560,3,1,8,24,2,Unfurnished,North-East,25,8.5,2,4,2,21442190
Mumbai,Apartment,4857,3,3,12,7,3,Unfurnished,East,60,7.5,7,0,2,86538023
Jaipur,Commercial,2544,1,2,17,4,2,Semi-Furnished,North-West,36,1.3,1,1,1,26628451
Ahmedabad,Farm,2463,4,3,20,29,3,Unfurnished,East,60,4.4,8,3,1,13927775
Hyderabad,Office,3003,3,3,15,18,2,Unfurnished,North-West,84,6.7,2,2,1,38730250
Surat,Commercial,2377,4,2,0,7,1,Furnished,South-East,25,5.7,3,0,1,26944416
Chennai,House,775,3,2,3,16,2,Furnished,West,96,3.9,9,2,2,14871841
Chennai,Villa,1141,5,1,17,18,2,Furnished,South-West,69,2.3,9,2,2,26535865
Pune,Farm,4885,5,2,7,11,3,Furnished,North-East,85,6.0,2,4,2,47646801
Kolkata,House,3067,5,3,19,26,3,Unfurnished,East,49,3.6,2,2,1,32584139
Ahmedabad,Office,1640,2,3,15,22,1,Semi-Furnished,North-West,76,3.1,7,4,0,18710718
Ahmedabad,Industrial,3870,3,4,20,29,3,Unfurnished,North-West,11,4.6,7,4,2,33523881
Delhi,Apartment,2767,2,2,10,14,2,Unfurnished,South-East,57,8.1,5,4,0,40955906
Jaipur,Office,2643,4,3,19,3,3,Unfurnished,North-West,61,5.4,3,0,0,22318542
Kolkata,Commercial,3949,2,4,20,22,3,Semi-Furnished,South-West,33,2.9,0,2,0,47399457
Hyderabad,Villa,817,4,4,20,11,3,Furnished,South,93,2.1,3,2,1,16621963
Hyderabad,Commercial,1006,4,1,20,26,1,Unfurnished,North,91,5.5,7,4,1,15265085
Ahmedabad,Farm,967,4,3,26,12,1,Unfurnished,South-West,87,8.1,5,2,2,6529323
Hyderabad,Farm,943,2,1,18,13,0,Furnished,West,91,6.9,1,2,2,7838981
Pune,Villa,1283,3,3,22,4,1,Unfurnished,South-West,11,3.1,2,4,1,25402389
Chennai,House,1623,2,1,18,21,1,Semi-Furnished,South-East,74,4.9,6,3,1,20350888
Bangalore,House,3293,3,1,17,15,1,Unfurnished,South-East,29,8.7,3,3,0,52394426
Surat,Farm,2468,3,2,18,29,2,Unfurnished,South-West,43,2.6,3,4,1,12564878
Delhi,Farm,4109,4,1,10,6,0,Furnished,East,50,5.8,4,0,1,49134191
Jaipur,Industrial,2186,2,2,2,14,2,Unfurnished,South,50,4.2,7,2,1,17540974
Surat,Apartment,1857,3,4,7,12,1,Unfurnished,East,84,2.1,6,2,1,14073090
Jaipur,Industrial,2314,5,3,19,25,1,Semi-Furnished,East,32,1.4,8,3,0,18160008
Mumbai,Industrial,477,3,4,18,15,0,Furnished,South-West,47,6.0,4,4,2,13961638
Surat,House,4013,5,3,9,11,0,Furnished,North-East,53,1.2,0,0,0,39317219
Bangalore,Villa,1708,2,4,15,6,3,Semi-Furnished,North-East,76,1.9,3,4,1,37249818
Ahmedabad,House,1047,2,3,4,15,1,Unfurnished,North-East,71,4.1,5,3,1,12164464
Pune,Apartment,2587,2,1,19,22,1,Furnished,South,21,1.4,5,3,2,33318332
Chennai,Commercial,952,3,3,8,22,2,Furnished,East,39,4.6,8,2,2,21521589
Chennai,Farm,681,1,3,7,26,3,Unfurnished,North,96,2.2,9,1,2,7323318
Pune,Farm,1681,3,4,10,12,1,Unfurnished,West,74,4.1,4,0,0,13570930
Kolkata,Apartment,2246,3,4,15,28,2,Furnished,North-East,50,8.1,4,0,2,21793254
Mumbai,Industrial,2887,4,4,6,22,0,Unfurnished,North-East,29,6.6,5,1,1,65614364
Jaipur,Villa,3193,4,2,14,2,2,Furnished,South-East,15,5.0,5,3,1,40239267
Bangalore,Farm,4111,3,2,23,14,1,Unfurnished,East,84,1.8,2,4,1,37107077
Hyderabad,Office,4599,5,3,28,27,2,Unfurnished,East,13,6.6,5,0,0,56491285
Surat,Industrial,3176,4,3,20,2,2,Semi-Furnished,South,19,2.5,7,1,2,25843193
Mumbai,Farm,1996,3,1,19,6,3,Unfurnished,South,60,1.7,5,2,2,28358997
Surat,Office,879,1,1,22,29,3,Semi-Furnished,North-East,47,7.0,4,2,2,10370612
Bangalore,Apartment,3712,5,3,16,17,0,Unfurnished,East,10,9.2,2,3,2,47364010
Delhi,Apartment,3618,2,2,5,13,3,Furnished,North,17,5.1,0,0,1,62270328
Delhi,Industrial,2363,3,3,14,17,2,Furnished,West,90,1.4,4,4,0,45291519
Mumbai,Farm,2542,3,1,7,18,3,Unfurnished,South-West,92,8.9,5,0,2,29637955
Ahmedabad,House,4298,5,2,6,13,1,Unfurnished,East,72,1.6,5,2,1,41893849
Bangalore,Office,2472,4,2,1,19,2,Furnished,South-East,42,8.8,5,0,1,55014026
Bangalore,Villa,1695,4,1,29,5,2,Unfurnished,South-West,24,4.5,2,2,0,35204849
Pune,Farm,1338,4,3,12,28,2,Semi-Furnished,East,40,4.3,3,1,2,13754443
Ahmedabad,Villa,1161,2,4,29,7,1,Semi-Furnished,North-West,30,5.9,2,1,0,15029696
Jaipur,Farm,2069,5,3,22,25,2,Semi-Furnished,South,12,9.6,1,2,2,11306979
Jaipur,House,4262,5,3,28,25,3,Semi-Furnished,South-East,75,9.1,7,4,0,36163362
Hyderabad,House,3085,4,1,5,6,1,Semi-Furnished,West,44,5.2,6,4,2,36983285
Chennai,Industrial,4299,4,2,28,19,2,Unfurnished,North-East,50,7.3,7,0,2,47685933
Delhi,Industrial,2331,1,1,4,17,3,Unfurnished,South-East,68,6.2,5,2,0,40288430
Jaipur,House,4339,1,3,19,17,3,Semi-Furnished,East,25,7.2,6,3,2,33612234
Ahmedabad,Commercial,1526,3,4,0,14,0,Unfurnished,North-East,65,8.5,0,4,0,19916912
Bangalore,House,3697,3,4,28,19,3,Unfurnished,East,54,1.3,9,4,0,55812579
Jaipur,Apartment,1603,5,4,17,21,3,Semi-Furnished,North-East,68,3.9,4,1,2,12186214
Bangalore,Apartment,4535,5,1,14,18,0,Unfurnished,West,59,9.6,3,4,2,58459181
Jaipur,Commercial,4172,2,2,22,21,0,Unfurnished,South,94,9.5,9,4,0,42390521
Delhi,Office,919,2,1,9,20,1,Unfurnished,West,21,1.1,2,4,1,21229136
Surat,Villa,2683,1,4,2,20,3,Semi-Furnished,North-West,21,2.8,1,2,0,33672183
Jaipur,Farm,4958,3,3,4,1,1,Unfurnished,North,42,9.9,8,2,1,22638404
Ahmedabad,Farm,882,1,2,23,7,1,Furnished,South,93,5.4,7,1,1,6512423
Jaipur,Commercial,2877,1,1,28,20,2,Furnished,West,58,6.2,9,0,0,33548281
Chennai,Apartment,3493,3,1,12,10,1,Semi-Furnished,North-West,30,2.5,1,4,0,33699783
Delhi,Industrial,742,2,2,7,17,1,Furnished,North,69,9.0,5,0,0,17202508
Ahmedabad,Farm,1862,3,2,21,22,1,Semi-Furnished,North-West,61,3.1,2,2,1,10879286
Pune,Apartment,1602,4,3,20,12,1,Furnished,East,63,2.7,2,4,0,20707392
Ahmedabad,Office,2021,4,2,28,8,0,Furnished,South-West,48,3.1,4,0,0,23560424
Chennai,Villa,2798,4,3,1,8,3,Furnished,East,58,9.3,6,0,2,54916983
Surat,Office,3996,5,4,8,16,2,Semi-Furnished,North-East,73,7.3,6,3,2,42127248
Delhi,Commercial,3935,2,4,16,6,0,Semi-Furnished,South,95,7.9,9,2,2,107224739
Pune,House,3277,2,1,26,8,2,Unfurnished,East,35,4.4,0,1,0,43934867
Chennai,House,2790,5,4,17,21,2,Semi-Furnished,South-East,80,9.2,6,1,0,34292792
Chennai,House,3751,1,4,12,0,0,Furnished,North-West,16,8.1,6,3,0,51271964
Mumbai,Office,3313,4,3,0,1,1,Furnished,South,81,7.8,5,0,1,106344827
Delhi,Farm,1589,4,1,11,3,0,Semi-Furnished,South-West,71,9.7,5,3,1,19254517
Ahmedabad,Villa,2740,1,2,19,13,2,Semi-Furnished,South-East,99,4.3,1,3,2,35708289
Bangalore,House,3980,3,1,19,3,2,Semi-Furnished,East,97,6.5,2,2,1,68316438
Surat,Commercial,2003,3,4,20,1,1,Unfurnished,North-East,33,9.2,2,4,1,22224977
Bangalore,Commercial,3697,2,2,4,7,0,Furnished,West,49,8.1,2,0,1,85188163
Ahmedabad,House,997,5,1,7,17,3,Unfurnished,North-East,85,6.1,1,1,2,12784751
Ahmedabad,House,1044,2,1,26,18,2,Unfurnished,South-East,56,1.7,8,1,2,9693476
Delhi,Villa,4943,3,1,14,13,0,Furnished,North,17,6.9,5,3,1,143709450
Ahmedabad,House,3302,1,1,26,19,1,Furnished,East,63,5.7,1,3,0,33989527
Mumbai,Villa,1163,2,3,2,24,1,Semi-Furnished,South-East,18,2.7,2,3,2,43014225
Pune,Commercial,2042,4,1,5,9,3,Semi-Furnished,North,12,8.9,9,0,1,36587082
Ahmedabad,House,2697,4,4,27,16,2,Unfurnished,North,63,4.1,5,3,0,24179046
Bangalore,Office,2572,1,4,12,7,3,Semi-Furnished,North-West,30,4.5,3,3,0,48361048
Ahmedabad,Industrial,2560,3,3,11,27,3,Semi-Furnished,South,57,7.1,6,4,2,26374382
Mumbai,Office,4149,4,2,18,13,3,Furnished,North-West,56,5.4,5,0,0,118965315
Jaipur,Commercial,3322,4,2,28,20,3,Furnished,East,97,1.8,5,2,2,33724724
Jaipur,Villa,979,5,4,17,22,1,Semi-Furnished,North,77,4.5,2,2,1,13432102
Chennai,Office,4204,2,4,23,7,2,Furnished,South-West,93,1.9,7,4,2,69278879
Surat,Villa,2768,3,3,0,4,3,Semi-Furnished,South-East,72,2.7,8,1,0,31402355
Hyderabad,Office,4332,2,2,24,15,2,Furnished,West,25,1.1,5,2,2,63149495
Pune,Office,3760,3,2,26,7,1,Furnished,North,83,2.6,1,0,2,66772244
Kolkata,Villa,1500,4,1,6,9,1,Furnished,South-East,99,4.0,0,1,1,24854725
Chennai,Farm,2070,5,1,11,26,0,Furnished,South-West,14,5.8,2,3,0,17670934
Surat,Office,2620,2,1,9,7,0,Semi-Furnished,West,20,9.3,2,0,2,27792938
Jaipur,House,616,4,3,28,8,2,Unfurnished,North-West,38,5.9,7,1,1,6597745
Bangalore,Industrial,775,3,4,11,17,0,Furnished,North-West,88,7.4,4,2,1,16381622
Kolkata,Commercial,2009,2,3,10,2,3,Semi-Furnished,South,79,4.2,0,3,1,26216915
Surat,Farm,4506,2,2,3,16,2,Semi-Furnished,South-East,57,7.8,3,3,1,23147009
Surat,Villa,4239,4,4,18,19,1,Furnished,North,24,6.6,6,0,1,55157857
Chennai,Farm,3339,2,1,5,14,1,Unfurnished,North-East,93,5.1,4,3,2,24403346
Kolkata,Apartment,4462,5,3,24,20,3,Furnished,North-West,43,2.7,9,1,2,40421191
Delhi,Apartment,2013,5,3,8,26,0,Semi-Furnished,North-West,69,3.7,5,4,0,35957489
Hyderabad,Office,4079,4,1,19,16,2,Unfurnished,South,71,6.6,9,2,2,53613174
Delhi,Office,1696,3,3,9,7,2,Semi-Furnished,West,11,4.8,3,0,0,40023062
Kolkata,House,4396,4,1,4,1,3,Furnished,South,89,9.0,1,4,0,52348160
Delhi,Industrial,1555,5,2,26,16,0,Unfurnished,South-West,28,3.1,8,4,0,28380653
Mumbai,Commercial,2766,1,4,12,17,2,Semi-Furnished,North,58,1.7,1,0,2,81108124
Jaipur,Farm,3291,1,2,8,28,3,Semi-Furnished,South-East,87,6.3,1,1,1,15802394
Mumbai,Apartment,2372,2,2,1,4,2,Semi-Furnished,East,97,9.0,1,2,0,52221106
Ahmedabad,Office,1184,2,1,17,8,1,Furnished,East,37,4.3,0,0,1,13930301
Delhi,Commercial,4892,1,3,20,8,2,Unfurnished,South-East,57,6.8,2,4,0,114519975
Ahmedabad,Farm,1481,5,2,0,1,2,Furnished,West,46,3.1,5,4,2,10593409
Bangalore,Office,2433,2,2,23,1,2,Furnished,South-West,83,6.0,6,0,0,55081730
Pune,Office,2014,4,2,20,18,0,Furnished,North-West,58,8.1,0,4,2,36838930
Bangalore,Apartment,4955,4,3,11,22,0,Unfurnished,West,57,8.8,4,0,1,63034824
Kolkata,Apartment,2816,5,3,9,26,3,Furnished,North-West,82,1.9,4,0,2,25944304
Surat,Office,4053,2,1,1,2,0,Furnished,North-West,97,4.2,0,2,1,45145103
Jaipur,Villa,896,4,2,27,16,2,Furnished,East,38,6.8,3,0,2,12698955
Delhi,Office,904,2,4,8,13,2,Furnished,West,69,1.3,9,4,0,25334094
Chennai,Commercial,3786,2,3,1,13,0,Semi-Furnished,South-West,38,7.2,0,3,0,61753381
Pune,Office,2608,4,1,22,13,0,Furnished,South,67,5.8,0,2,2,47807319
Hyderabad,House,3616,1,2,23,5,2,Semi-Furnished,North-West,57,3.6,6,4,1,42264838
Hyderabad,Industrial,4066,4,4,29,2,2,Furnished,North-East,32,8.3,6,4,1,48980841
Hyderabad,House,1808,5,3,21,0,1,Unfurnished,North-East,36,3.6,2,2,1,20076138
Delhi,House,4764,3,4,13,29,3,Semi-Furnished,South,16,9.9,6,2,2,93076986
Hyderabad,Villa,4477,4,3,10,15,0,Semi-Furnished,North-East,58,8.3,2,4,2,76830244
Mumbai,Villa,1877,2,1,22,28,3,Semi-Furnished,North,63,7.4,1,3,2,69221663
Pune,Office,2797,2,4,10,3,2,Semi-Furnished,North-West,77,1.6,9,1,2,47437933
Mumbai,House,509,4,2,16,28,3,Unfurnished,South,87,9.1,3,4,1,15330435
Surat,Villa,3954,3,2,3,0,0,Furnished,West,51,8.1,9,2,1,47476836
Pune,Apartment,1049,4,3,12,16,0,Semi-Furnished,North-West,83,3.1,2,0,2,13375858
Mumbai,Office,1899,3,2,6,27,3,Unfurnished,South,68,4.5,6,0,2,53704364
Pune,Commercial,995,3,4,15,17,0,Semi-Furnished,East,53,3.4,0,2,1,18420675
Surat,Industrial,1378,5,1,0,25,1,Furnished,South-West,35,9.9,5,2,1,16452736
Ahmedabad,Farm,1130,2,3,12,7,2,Semi-Furnished,West,32,8.7,1,1,0,8184263
Delhi,Office,456,2,4,0,1,2,Unfurnished,South-West,82,9.4,7,2,2,14392434
Delhi,Farm,2643,3,3,10,26,0,Furnished,East,17,8.1,4,0,0,31483331
Hyderabad,House,2101,2,1,5,17,2,Unfurnished,North-West,62,5.1,2,3,1,25288037
Bangalore,Industrial,1686,1,3,19,26,1,Furnished,West,23,2.8,9,2,1,29117952
Hyderabad,Farm,511,3,2,2,26,0,Furnished,South-West,80,2.9,6,1,2,5979576
Kolkata,House,1601,2,2,11,15,1,Furnished,North-East,16,2.4,1,3,0,18065137
Mumbai,Apartment,1347,1,3,4,25,1,Semi-Furnished,South-West,18,5.9,4,1,1,29991761
Pune,Farm,4521,5,1,8,9,2,Unfurnished,South,12,9.3,7,3,0,34376919
Bangalore,Industrial,1157,2,1,25,7,2,Unfurnished,North-West,87,9.9,0,2,0,19271566
Surat,Office,3788,1,2,25,11,3,Unfurnished,North,26,3.6,0,0,0,33537440
Kolkata,House,2241,4,1,11,21,1,Furnished,South-West,53,7.3,2,3,0,27186823
Surat,Office,3935,4,3,29,15,2,Semi-Furnished,West,95,6.4,2,4,0,38960362
Delhi,Industrial,2693,1,4,29,11,1,Furnished,West,55,5.4,6,1,2,57815814
Delhi,Villa,1504,3,3,27,10,3,Unfurnished,South-East,99,7.0,5,3,2,40196061
Hyderabad,House,1061,3,2,26,19,1,Semi-Furnished,South-West,67,4.3,6,1,0,12809063
Mumbai,Farm,1308,2,2,9,18,0,Semi-Furnished,North-West,37,9.5,3,0,2,21852434
Bangalore,House,2256,4,2,18,0,3,Semi-Furnished,North-West,23,7.3,1,1,1,38014312
Jaipur,Office,2711,3,1,4,26,3,Unfurnished,East,18,7.8,1,1,0,25756959
Kolkata,Apartment,1189,3,3,25,2,1,Semi-Furnished,South-East,35,3.2,9,4,2,10321556
Kolkata,House,571,4,4,4,11,1,Semi-Furnished,South-West,11,2.5,0,1,2,8417664
Hyderabad,Farm,4760,5,3,8,29,2,Furnished,North-East,84,4.5,8,3,1,37013337
Delhi,Villa,2386,3,4,26,8,0,Furnished,East,90,7.9,6,1,1,68993171
Hyderabad,Commercial,2285,1,3,27,20,3,Semi-Furnished,South-East,43,9.4,9,2,1,34359026
Pune,Apartment,875,2,2,25,28,3,Semi-Furnished,South-West,28,4.8,2,1,1,11524389
Bangalore,Villa,1449,3,4,26,21,3,Furnished,South-West,48,8.0,1,2,0,38665611
Mumbai,House,4529,3,3,19,4,2,Furnished,East,91,5.2,2,1,2,133738917
Ahmedabad,Office,2711,5,1,16,0,0,Furnished,North-East,22,3.7,6,1,2,34796894
Chennai,Industrial,1561,1,1,9,9,3,Unfurnished,South-East,14,7.7,4,3,1,18566998
Chennai,Office,1215,2,3,20,16,3,Unfurnished,South-West,59,8.2,2,2,2,20590955
Hyderabad,Farm,4166,3,2,0,3,2,Furnished,South-West,32,2.8,8,2,2,30512859
Pune,Office,3322,2,4,21,14,1,Semi-Furnished,South-East,97,3.7,1,4,2,55318269
Bangalore,Apartment,1153,4,3,27,18,3,Furnished,North,38,5.5,6,1,1,18133405
Jaipur,Office,861,3,1,15,26,0,Unfurnished,East,81,2.7,9,1,2,9048909
Chennai,Farm,3639,3,4,25,7,0,Semi-Furnished,East,35,9.4,5,3,2,27084917
Bangalore,Commercial,3102,4,1,25,27,0,Unfurnished,West,88,6.3,5,4,2,63536616
Mumbai,House,480,5,1,14,27,0,Semi-Furnished,North-East,66,2.1,6,4,0,15691703
Surat,Industrial,3204,3,3,22,22,2,Unfurnished,South,10,2.7,5,3,0,23938775
Pune,House,1269,2,1,16,14,3,Semi-Furnished,North,37,9.6,1,2,2,18693311
Delhi,Office,1206,1,4,25,26,2,Semi-Furnished,South-East,71,7.6,4,0,2,27588791
Bangalore,Villa,2334,2,2,19,6,0,Semi-Furnished,South-East,56,7.6,2,3,2,59510938
Mumbai,House,1103,5,3,24,14,0,Semi-Furnished,South-East,87,1.7,8,2,2,28810876
Jaipur,Commercial,2923,1,4,12,7,0,Unfurnished,North,68,9.1,7,4,2,30878631
Ahmedabad,Office,3039,2,3,0,29,2,Unfurnished,South-West,40,5.0,9,3,2,33750804
Delhi,Industrial,4982,2,1,24,25,0,Semi-Furnished,South-East,79,6.9,1,0,0,85055023
Ahmedabad,Farm,4309,4,1,7,22,3,Semi-Furnished,South-East,58,9.6,0,1,1,26793477
Jaipur,Commercial,1564,5,4,4,9,0,Unfurnished,North-East,14,1.9,3,3,2,17670518
Mumbai,Office,1019,4,4,5,17,3,Semi-Furnished,North-West,40,5.3,3,0,2,32251543
Chennai,Commercial,3466,1,2,22,3,3,Semi-Furnished,North-West,46,1.4,9,0,2,56414112
Ahmedabad,House,846,4,4,19,14,0,Semi-Furnished,West,88,5.5,1,3,1,10092857
Delhi,Industrial,2737,5,4,29,10,2,Furnished,West,24,3.3,6,2,2,56309477
Hyderabad,Farm,608,3,3,13,21,1,Semi-Furnished,South-East,61,9.2,2,3,2,7867122
Kolkata,Office,2860,3,1,21,2,1,Furnished,North-East,78,4.6,6,4,1,33629183
Bangalore,Apartment,3842,1,4,22,14,3,Semi-Furnished,South-East,20,6.7,6,0,2,49873540
Chennai,Farm,3111,3,2,10,2,2,Unfurnished,West,52,8.7,0,0,1,22156613
Ahmedabad,Apartment,2737,4,4,5,14,1,Furnished,North,79,9.9,5,1,1,24898646
Surat,Commercial,1691,1,1,10,5,0,Furnished,North,32,5.5,3,0,2,19082874
Bangalore,Villa,2598,5,4,12,0,0,Semi-Furnished,South-West,49,5.1,7,1,0,63966731
Hyderabad,Farm,1800,1,3,11,13,3,Semi-Furnished,South,72,1.7,7,0,0,11627060
Jaipur,Commercial,3055,1,1,21,15,2,Furnished,North-West,11,1.1,2,0,2,29847124
Kolkata,Apartment,4412,2,4,1,0,2,Unfurnished,North-East,88,6.5,3,3,1,33612176
Mumbai,House,1104,2,3,20,20,1,Unfurnished,East,96,1.6,0,3,1,30154048
Hyderabad,House,1225,1,1,2,16,1,Semi-Furnished,North-West,95,4.4,9,4,1,18497670
Hyderabad,Villa,1404,3,4,22,25,0,Unfurnished,East,82,1.0,1,2,2,22780778
Jaipur,Farm,3860,2,3,3,7,3,Unfurnished,South,56,6.5,6,4,0,17732264
Pune,Farm,776,5,2,16,17,2,Semi-Furnished,South,39,4.8,6,0,1,8494474
Jaipur,Farm,1372,4,3,27,15,1,Unfurnished,South-East,25,2.1,8,4,1,7210962
Pune,Commercial,4613,2,2,27,5,1,Semi-Furnished,West,68,3.7,9,3,2,85042787
Pune,Industrial,3476,1,4,21,9,3,Furnished,South,56,6.1,8,0,0,46798551
Chennai,Industrial,843,3,3,5,9,3,Semi-Furnished,South,39,6.9,8,0,0,13309721
Chennai,Villa,1154,4,2,6,4,0,Furnished,East,18,5.2,5,4,2,22621323
Delhi,Farm,4004,2,1,14,25,3,Furnished,West,74,8.2,7,1,0,46997201
Ahmedabad,Commercial,2571,3,3,10,27,0,Unfurnished,South,68,2.0,8,2,2,29744576
Ahmedabad,House,3105,3,4,23,11,0,Unfurnished,North-West,73,1.8,6,4,1,28547283
Mumbai,Apartment,3865,3,1,2,19,3,Unfurnished,South-West,17,1.4,3,4,2,72541923
Ahmedabad,Commercial,3111,1,2,29,16,3,Semi-Furnished,South,61,5.8,3,2,1,35949060
Chennai,Industrial,2807,5,3,5,13,3,Unfurnished,South-West,27,7.4,5,0,2,34369955
Delhi,Industrial,1022,3,3,25,13,3,Furnished,West,91,2.2,3,0,1,19837514
Delhi,House,2123,4,4,1,2,3,Unfurnished,South-East,67,6.8,6,1,1,43550976
Pune,House,3722,2,1,28,28,0,Unfurnished,North-East,58,5.3,7,4,2,52736888
Jaipur,Apartment,2319,4,3,13,11,1,Semi-Furnished,West,41,9.9,7,2,1,17951545
Mumbai,House,1318,1,3,8,19,2,Semi-Furnished,East,57,7.5,7,4,0,38705640
Pune,Villa,4615,1,1,17,17,2,Furnished,North-East,54,6.9,1,3,2,99998287
Jaipur,Apartment,981,4,3,18,11,0,Semi-Furnished,North-West,63,6.1,9,4,0,8773661
Ahmedabad,House,4281,5,1,11,1,0,Unfurnished,North,94,10.0,1,4,1,39430101
Pune,Office,2086,1,1,12,1,1,Semi-Furnished,South-West,55,9.8,1,3,1,32526227
Bangalore,Commercial,4309,1,1,25,26,3,Furnished,South-West,40,5.8,1,3,1,101747961
Ahmedabad,House,2399,4,4,11,16,0,Unfurnished,South-West,46,5.1,3,2,2,24168337
Jaipur,Villa,3111,1,1,11,9,2,Furnished,West,25,5.2,4,0,1,37144899
Mumbai,Farm,800,5,1,17,17,3,Semi-Furnished,South-West,55,4.9,3,1,0,12993410
Jaipur,House,4048,5,2,8,21,0,Semi-Furnished,South-East,55,5.8,4,3,0,34203747
Pune,Industrial,3028,5,2,16,18,3,Furnished,South-West,87,3.5,3,0,2,44128792
Pune,Industrial,2056,2,4,20,25,2,Unfurnished,East,97,9.3,6,2,0,28478108
Hyderabad,Industrial,1020,5,1,15,20,3,Semi-Furnished,North-West,98,5.4,9,4,2,13689851
Mumbai,Farm,646,5,2,16,0,0,Semi-Furnished,South-West,70,8.6,0,2,2,10887142
Surat,Industrial,3739,2,2,20,23,0,Unfurnished,South-West,55,5.3,0,2,1,26843060
Ahmedabad,Office,3410,3,3,23,28,2,Semi-Furnished,North-East,60,7.5,1,3,0,41724153
Delhi,House,2768,1,1,7,3,1,Furnished,North-West,71,4.0,0,1,0,59375414
Mumbai,Industrial,4394,5,2,10,24,1,Semi-Furnished,South-West,44,6.6,9,3,0,109356049
Delhi,Apartment,2239,1,4,23,3,3,Semi-Furnished,West,90,5.5,9,4,1,33315313
Mumbai,Farm,3303,4,3,1,29,0,Unfurnished,South,51,4.3,2,3,2,44965573
Mumbai,Office,4795,1,3,7,1,0,Furnished,South-East,54,8.9,5,4,0,155410174
Jaipur,Apartment,4898,2,1,11,18,2,Unfurnished,West,77,2.0,9,3,0,31244980
Mumbai,Apartment,4091,1,1,20,20,2,Semi-Furnished,North,84,5.4,5,1,0,76697642
Hyderabad,Apartment,4241,1,3,0,11,0,Semi-Furnished,West,56,2.7,0,0,0,36391919
Surat,Apartment,4748,1,4,22,9,2,Unfurnished,North-East,88,8.7,5,1,1,29708126
Pune,House,1792,3,1,12,12,1,Unfurnished,North-East,39,3.3,4,3,2,25481398
Kolkata,Industrial,4150,3,1,21,28,1,Unfurnished,South-West,33,6.7,6,2,0,35236651
Delhi,Commercial,4655,4,3,20,29,3,Furnished,West,75,2.5,5,0,0,113544764
Pune,House,3408,2,3,16,21,2,Semi-Furnished,North-East,52,4.6,6,2,2,49997609
Kolkata,House,4700,1,1,13,22,3,Unfurnished,South,43,9.1,1,1,1,47066948
Surat,Office,3738,1,2,13,19,2,Semi-Furnished,North-West,32,2.5,0,0,1,34684451
Surat,Office,3914,1,1,15,22,2,Furnished,West,70,7.0,6,3,1,41800976
Delhi,Industrial,1159,1,2,16,14,1,Furnished,South-East,46,2.8,8,2,1,23951583
Delhi,Commercial,3168,3,3,5,25,0,Furnished,South,22,4.7,1,3,0,91290655
Surat,Office,3488,4,2,25,2,2,Furnished,South-West,80,5.9,6,4,2,33232536
Kolkata,Industrial,2515,5,4,27,22,2,Semi-Furnished,North-West,16,6.2,2,0,2,25456340
Mumbai,Industrial,4628,2,3,6,19,2,Furnished,South-East,51,6.4,5,2,2,122477550
Ahmedabad,Villa,2123,1,1,25,28,0,Furnished,South-West,47,6.8,2,1,1,29114995
Bangalore,Commercial,3366,4,1,25,12,3,Unfurnished,South-East,61,3.4,9,1,1,65566957
Pune,Office,829,5,3,0,7,3,Furnished,South-West,53,4.6,4,1,2,18396526
Jaipur,Commercial,2755,4,3,24,24,2,Unfurnished,South-East,73,1.3,1,1,0,25815691
Pune,House,2859,3,4,14,6,2,Furnished,North-West,22,7.9,7,2,1,49503206
Jaipur,House,4592,5,3,19,23,3,Furnished,South,97,8.5,7,4,0,41891620
Kolkata,Commercial,2118,4,1,20,7,3,Unfurnished,South-East,37,2.8,6,1,2,26980446
Jaipur,Villa,1665,3,4,17,17,1,Furnished,South-East,91,2.8,5,1,1,21749897
Delhi,Villa,1708,4,1,29,8,2,Semi-Furnished,East,10,1.4,0,1,0,47103622
Ahmedabad,Commercial,1450,4,2,27,5,3,Semi-Furnished,West,52,9.7,7,4,1,18039459
Ahmedabad,Office,3873,5,3,25,26,1,Furnished,North-West,51,8.3,0,0,2,46973837
Delhi,Farm,2649,3,2,12,3,0,Semi-Furnished,South-West,59,4.2,7,1,2,29406492
Hyderabad,Villa,3209,1,1,23,14,2,Unfurnished,North-West,69,5.3,1,1,2,46232464
Kolkata,Apartment,3321,2,2,29,4,3,Furnished,North-East,10,3.6,7,1,0,28744748
Hyderabad,House,4441,5,2,1,25,2,Furnished,South-West,60,6.4,9,0,1,51547780
Hyderabad,Commercial,2817,3,1,18,4,1,Unfurnished,North-West,25,7.5,3,1,1,40460590
Pune,Apartment,932,4,1,14,6,3,Unfurnished,South,48,5.0,6,0,1,10437590
Surat,Commercial,1298,3,3,11,29,0,Unfurnished,South-West,24,8.9,4,0,2,15813312
Pune,Industrial,3054,2,2,14,8,0,Furnished,South-West,42,5.7,7,3,0,46007942
Surat,House,1869,2,4,24,6,1,Unfurnished,North-West,96,2.3,5,3,2,15447348
Bangalore,House,3320,1,4,17,8,0,Unfurnished,South-West,62,6.6,4,1,2,55105292
Jaipur,Villa,1652,1,1,13,19,0,Semi-Furnished,East,26,5.2,0,2,0,18753899
Surat,Villa,1169,2,1,5,9,0,Semi-Furnished,West,98,9.4,2,3,2,16887833
Delhi,Apartment,1233,5,2,11,29,0,Furnished,South-West,15,4.5,9,3,2,23003122
Pune,Industrial,2609,5,1,19,25,0,Semi-Furnished,West,40,4.6,8,2,1,34696949
Kolkata,Commercial,3824,4,4,22,3,0,Semi-Furnished,North-West,78,6.9,8,4,0,43591482
Jaipur,Industrial,1491,1,3,29,5,0,Unfurnished,South-East,49,5.7,4,1,0,10366421
Bangalore,House,1596,4,3,29,23,3,Unfurnished,North,39,4.4,2,4,1,28513286
Surat,Apartment,4314,1,2,5,13,0,Semi-Furnished,North,78,9.9,5,4,0,29475326
Bangalore,Farm,2060,2,3,25,8,3,Semi-Furnished,South-East,85,3.7,4,0,1,19387257
Kolkata,Apartment,660,5,1,29,0,2,Semi-Furnished,South-East,16,3.5,0,0,2,6483375
Hyderabad,Office,2664,5,1,8,16,1,Furnished,South-East,22,8.8,1,1,0,39329037
Ahmedabad,Apartment,1585,2,1,29,12,0,Furnished,South,13,1.0,4,2,0,12041228
Kolkata,Industrial,2849,4,1,24,23,1,Furnished,North,59,2.8,8,0,2,30573927
Chennai,Office,3933,4,2,25,26,0,Semi-Furnished,South-East,12,6.3,3,3,2,57796976
Kolkata,Office,4770,3,3,3,6,3,Semi-Furnished,South,21,2.5,8,1,0,56800294
Bangalore,Office,4701,1,4,16,8,0,Furnished,North-East,74,9.9,2,4,0,104554188
Delhi,Farm,3744,4,3,1,10,2,Furnished,South-West,36,5.2,0,1,0,46912714
Pune,Apartment,1266,2,1,15,2,1,Semi-Furnished,South,59,6.4,5,0,1,15822480
Delhi,Industrial,492,4,4,23,25,1,Unfurnished,North,86,2.4,9,2,0,9510135
Bangalore,Apartment,3578,5,2,13,11,2,Furnished,North-West,26,3.6,6,4,0,48808405
Pune,Farm,1751,1,1,25,20,3,Semi-Furnished,North-East,81,6.5,3,2,2,14867307
Chennai,House,764,3,1,7,2,3,Semi-Furnished,North,41,5.9,9,1,2,11969631
Ahmedabad,Villa,4118,1,4,13,14,2,Unfurnished,South-West,93,8.1,4,2,1,49347477
Jaipur,Industrial,2324,5,2,1,20,1,Semi-Furnished,South,60,3.4,3,2,2,20602666
Bangalore,Industrial,3495,5,4,15,9,0,Semi-Furnished,East,26,6.9,2,1,0,55403998
Surat,Apartment,2938,5,2,3,0,3,Furnished,West,43,3.6,0,4,0,22690865
Bangalore,Villa,1696,5,1,0,13,0,Furnished,South-West,44,6.3,5,2,1,44980557
Bangalore,Commercial,2676,2,3,22,26,1,Unfurnished,North,33,6.4,9,2,2,53158942
Pune,Commercial,402,3,1,19,19,0,Unfurnished,South-East,63,2.1,4,1,2,8162057
Mumbai,Farm,3892,5,3,26,5,2,Semi-Furnished,South,27,5.9,0,3,2,57533856
Kolkata,Commercial,2153,5,3,13,1,3,Furnished,South-East,59,1.1,4,2,1,27336013
Mumbai,Industrial,1310,4,2,7,28,3,Unfurnished,South-East,55,5.5,5,0,2,34236969
Chennai,Commercial,706,3,4,24,22,2,Unfurnished,South-East,57,7.3,9,4,2,15244862
Surat,House,4631,1,2,27,7,2,Unfurnished,South-East,42,1.7,4,2,2,39457224
Ahmedabad,House,4415,3,1,24,0,3,Semi-Furnished,South-East,96,9.4,0,1,0,39058166
Hyderabad,House,1838,3,4,2,28,3,Furnished,North-East,98,5.1,4,0,1,25296753
Chennai,Commercial,1272,3,3,4,3,3,Unfurnished,North,36,9.4,9,1,0,22796730
Hyderabad,Farm,1541,5,3,5,26,1,Furnished,South-West,10,2.0,0,2,1,12555969
Hyderabad,Office,1065,5,1,21,3,1,Unfurnished,North,94,9.5,2,0,2,15268667
Ahmedabad,Office,608,2,4,25,28,1,Unfurnished,South-West,68,2.0,1,4,0,7440243
Delhi,Villa,1351,1,1,7,4,0,Furnished,West,19,5.2,0,4,2,38716233
Mumbai,Office,1457,4,1,5,29,1,Furnished,South,34,9.4,3,4,2,49237071
Bangalore,Office,4408,3,2,5,27,3,Furnished,East,93,3.1,1,3,1,88871671
Jaipur,House,2268,1,1,3,27,1,Semi-Furnished,North-East,66,1.3,4,1,2,20247939
Hyderabad,House,1171,1,4,6,19,3,Unfurnished,South,75,8.1,9,2,0,15035667
Surat,Commercial,4430,2,1,29,8,2,Semi-Furnished,North-East,24,6.4,0,0,1,45741889
Chennai,Villa,921,4,4,29,22,0,Furnished,South-West,37,5.6,9,1,1,18991605
Delhi,Apartment,3755,3,3,23,12,0,Unfurnished,North,22,1.3,0,2,0,54160204
Hyderabad,Industrial,1800,4,1,18,17,2,Semi-Furnished,South-East,23,6.9,9,3,2,22273650
Delhi,Villa,4138,2,4,6,16,3,Unfurnished,West,75,2.5,3,2,2,108905633
Delhi,Villa,4743,5,3,2,24,0,Semi-Furnished,West,43,9.4,6,1,2,125471865
Hyderabad,Farm,4123,1,4,7,0,1,Furnished,North-West,34,7.2,1,2,2,28195193
Pune,Commercial,3647,3,3,0,21,3,Semi-Furnished,East,63,7.4,1,0,2,73032576
Kolkata,Farm,2258,5,2,0,14,0,Unfurnished,West,88,3.1,0,3,1,14799287
Surat,Villa,4464,2,1,13,1,2,Unfurnished,South-East,21,8.9,4,0,1,49833278
Bangalore,Villa,2798,4,1,5,15,3,Unfurnished,North,18,5.8,5,3,0,61615653
Bangalore,Villa,542,1,3,9,19,0,Unfurnished,East,40,8.7,5,3,2,13848590
Surat,Office,3251,3,2,24,21,2,Furnished,South-West,87,3.4,1,2,2,37959882
Pune,Industrial,3869,5,4,27,4,3,Semi-Furnished,South,62,7.8,6,0,2,49909959
Bangalore,Industrial,4095,5,2,13,26,1,Furnished,South-West,52,6.2,5,3,0,74712548
Delhi,Farm,1117,1,4,3,21,3,Furnished,South-East,47,1.4,7,3,2,16405367
Ahmedabad,Villa,1042,4,4,5,18,1,Furnished,South-East,51,4.6,5,2,1,18486305
Chennai,Industrial,3840,2,1,15,4,3,Unfurnished,West,81,2.7,8,1,2,45339380
Mumbai,House,2948,4,3,27,1,2,Unfurnished,East,57,4.2,9,1,0,69768420
Bangalore,Industrial,4093,4,1,20,6,1,Unfurnished,North,76,4.5,1,4,1,60942634
Surat,Commercial,769,4,1,27,2,1,Semi-Furnished,South-West,75,5.3,6,4,1,9613298
Ahmedabad,Commercial,4050,1,1,0,16,3,Unfurnished,North-West,25,6.4,4,3,1,44567969
Hyderabad,Industrial,1186,1,4,5,29,0,Semi-Furnished,South-West,92,6.1,0,1,2,13993809
Kolkata,House,1349,2,1,8,23,1,Unfurnished,North-East,25,1.4,2,3,0,12394150
Surat,Commercial,921,4,4,14,23,3,Unfurnished,North-East,40,7.8,3,0,0,12456958
Delhi,Office,3343,1,3,11,2,2,Furnished,North,67,9.5,1,1,2,82777797
Kolkata,Industrial,754,2,4,2,12,3,Furnished,North,37,4.1,6,1,0,10452394
Chennai,Office,2735,2,4,10,6,3,Furnished,North-East,13,2.6,0,1,1,43386603
Chennai,Industrial,1882,4,2,14,24,1,Semi-Furnished,North-West,19,5.9,2,4,1,24210488
Pune,Apartment,2047,3,1,2,23,0,Semi-Furnished,East,60,7.3,8,2,0,25888257
Jaipur,Apartment,3445,4,1,13,2,2,Unfurnished,North-East,27,7.1,1,2,0,22598077
Pune,Apartment,2615,3,1,1,14,1,Semi-Furnished,North,56,6.5,4,4,2,30561592
Ahmedabad,Commercial,827,2,1,28,28,1,Unfurnished,West,41,2.3,3,4,2,9795218
Kolkata,Office,2937,1,2,3,17,1,Semi-Furnished,South,39,8.5,2,4,2,37950522
Jaipur,Office,944,5,2,25,28,2,Semi-Furnished,North-West,45,4.8,4,2,2,11012028
Hyderabad,Office,3164,2,2,18,9,0,Semi-Furnished,South-East,18,3.0,5,3,2,40460344
Delhi,House,4165,1,2,11,22,2,Furnished,North-West,45,1.8,0,4,2,87611404
Kolkata,Office,1058,2,1,1,6,2,Semi-Furnished,West,38,4.8,1,3,1,13588012
Pune,House,3227,4,4,16,8,0,Furnished,West,25,6.6,0,3,0,52182246
Mumbai,Apartment,2458,3,3,2,4,2,Furnished,South-East,30,7.0,2,0,2,50387340
Jaipur,Apartment,3727,2,2,9,19,3,Semi-Furnished,South-West,73,9.7,7,2,1,25452639
Jaipur,Commercial,1130,1,4,15,7,2,Unfurnished,North,75,2.4,7,3,0,11774193
Delhi,Industrial,2232,4,2,21,13,1,Unfurnished,North-East,68,9.9,3,2,0,38921840
Bangalore,Apartment,808,5,1,8,3,2,Unfurnished,South-West,37,6.9,5,2,0,13401291
Chennai,Industrial,4579,4,1,10,19,1,Semi-Furnished,East,64,5.1,8,0,2,57607156
Chennai,Industrial,3647,3,4,20,27,2,Unfurnished,North-West,40,9.0,6,2,2,42127917
Mumbai,Commercial,533,4,4,14,13,1,Furnished,South-East,42,7.3,1,3,2,20777100
Ahmedabad,Villa,1066,5,4,2,11,1,Unfurnished,North-West,96,4.1,1,1,0,16169255
Ahmedabad,Villa,676,1,1,15,1,1,Semi-Furnished,South-West,69,9.0,2,3,0,10109952
Hyderabad,Farm,3707,2,1,29,12,0,Unfurnished,West,50,7.0,7,3,1,23926108
Kolkata,Commercial,1281,3,3,20,0,2,Furnished,North-East,90,7.3,9,2,1,19696546
Surat,Farm,2460,5,4,20,19,2,Semi-Furnished,North-West,55,9.1,8,3,1,14884451
Bangalore,Farm,2482,3,3,20,6,3,Unfurnished,East,58,5.0,2,1,1,23178482
Pune,Villa,1637,4,2,27,27,3,Semi-Furnished,West,74,6.9,8,2,0,39138186
Surat,Commercial,2852,3,3,11,24,3,Semi-Furnished,East,51,7.7,9,4,2,31365243
Surat,Villa,558,5,2,22,8,2,Semi-Furnished,North-East,32,5.1,7,3,2,8585697
Jaipur,Farm,2996,2,2,4,27,0,Unfurnished,North-West,36,1.8,4,3,2,14062757
Mumbai,Commercial,4215,2,3,6,25,1,Semi-Furnished,South,98,7.9,9,0,2,140721484
Chennai,Farm,4774,3,4,8,16,2,Unfurnished,South-West,41,1.4,2,4,1,28576148
Hyderabad,Office,2926,1,2,20,20,0,Furnished,North-West,92,7.5,6,4,0,38530057
Ahmedabad,Industrial,510,3,4,17,22,0,Unfurnished,South-West,97,9.2,8,1,2,7578445
Mumbai,Commercial,941,4,1,20,12,2,Furnished,North-East,12,4.1,5,4,0,36466100
Jaipur,Commercial,1538,2,2,7,22,1,Unfurnished,North-West,69,1.9,2,0,1,15644274
Pune,Industrial,3683,2,1,11,9,0,Semi-Furnished,South-West,85,3.1,4,1,1,45300426
Hyderabad,Farm,4010,2,3,19,15,2,Unfurnished,South-East,88,6.1,6,4,2,26580385
Jaipur,Office,4855,1,4,1,5,1,Semi-Furnished,South-West,26,9.5,7,1,2,49271616
Chennai,House,3957,1,3,9,15,3,Furnished,North-West,41,5.6,3,4,1,54217897
Chennai,Industrial,2819,5,2,18,10,0,Unfurnished,North,16,2.0,1,4,1,32824411
Chennai,Villa,2156,3,1,8,25,0,Semi-Furnished,North-West,92,6.7,9,4,0,40271749
Mumbai,Farm,3486,3,2,24,19,2,Furnished,North-West,80,7.6,1,3,1,54631851
Mumbai,Industrial,2706,4,3,23,2,2,Furnished,South-West,78,4.5,2,4,0,67428360
Ahmedabad,Industrial,1375,2,4,7,27,1,Unfurnished,East,67,7.5,7,3,1,14940286
Ahmedabad,Commercial,1122,1,4,23,28,3,Furnished,South,49,3.9,0,2,0,15784222
Pune,Villa,2970,4,2,23,8,3,Semi-Furnished,East,94,8.1,6,0,1,61063683
Hyderabad,Villa,724,4,2,23,14,2,Furnished,South-West,57,4.1,5,1,1,12946546
Delhi,Villa,1929,1,1,0,27,2,Furnished,East,60,3.3,1,1,0,54062194
Delhi,Industrial,2345,3,3,5,12,1,Semi-Furnished,West,66,8.9,8,2,0,43208614
Jaipur,House,4886,2,2,11,9,2,Furnished,North,80,5.9,4,4,2,43777909
Chennai,Apartment,2830,3,1,24,19,1,Furnished,East,46,3.6,1,0,2,31795316
Hyderabad,Farm,4511,4,2,23,23,1,Furnished,South-East,96,9.4,2,2,1,30494242
Surat,Apartment,3910,2,4,18,12,3,Furnished,North-East,84,7.2,6,2,1,30434529
Mumbai,Industrial,1245,5,1,26,16,1,Semi-Furnished,South-East,83,3.0,6,1,0,31326013
Kolkata,Apartment,967,4,1,16,6,3,Furnished,North-East,94,6.5,9,3,1,11315058
Bangalore,Industrial,4088,3,2,1,27,3,Semi-Furnished,North-West,64,8.8,0,3,2,64776205
Pune,Apartment,2579,3,3,10,5,3,Furnished,West,50,7.3,9,4,0,32169778
Chennai,Villa,2419,3,4,17,12,2,Furnished,North,29,3.2,3,4,1,44204104
Chennai,Office,3719,1,3,22,27,3,Furnished,South-East,42,6.8,5,2,0,65261707
Chennai,Villa,2720,4,1,27,16,1,Furnished,North,49,6.6,7,4,2,54623277
Mumbai,Villa,2046,2,3,21,14,2,Semi-Furnished,South-East,43,8.4,2,3,2,66554446
Mumbai,Commercial,4403,3,1,10,3,1,Semi-Furnished,North-West,71,2.6,2,0,2,143313526
Bangalore,Commercial,4309,3,3,17,27,2,Semi-Furnished,North-East,28,7.3,7,1,1,92957725
Surat,Apartment,3820,1,2,7,14,1,Unfurnished,South,52,1.2,7,3,1,26355105
Hyderabad,Industrial,2931,2,3,14,13,0,Furnished,West,78,7.3,7,4,1,34220003
Chennai,Villa,756,4,1,8,20,0,Furnished,South-East,72,9.6,0,1,1,17000476
Delhi,Apartment,3481,5,4,14,10,0,Semi-Furnished,South-East,19,2.6,7,1,1,51216513
Ahmedabad,Commercial,2680,1,4,6,23,1,Unfurnished,North-West,22,3.8,7,2,1,33730913
Delhi,Office,4531,4,4,19,3,2,Furnished,West,14,6.2,1,4,2,109227259
Jaipur,Farm,2860,5,1,12,2,3,Semi-Furnished,North-East,67,7.6,8,2,2,14480276
Delhi,Apartment,3187,3,3,12,1,3,Furnished,North-East,68,4.1,6,1,1,51987799
Jaipur,Office,4609,3,4,0,19,1,Furnished,South-East,85,7.0,7,2,2,47251970
Kolkata,Farm,1597,2,4,19,26,1,Semi-Furnished,South,68,9.1,1,4,0,11932907
Ahmedabad,House,1678,5,4,3,9,1,Semi-Furnished,South,86,7.5,3,3,1,19063326
Delhi,Apartment,865,3,2,23,29,1,Furnished,North,95,7.4,6,0,0,17498038
Kolkata,Apartment,4400,3,1,3,12,3,Furnished,West,24,4.4,5,3,1,38897070
Pune,House,3748,2,1,3,19,2,Semi-Furnished,West,86,9.2,6,1,1,54375721
Hyderabad,House,1887,4,1,12,28,3,Furnished,North-East,10,3.5,0,3,2,24240484
Kolkata,Apartment,4997,3,1,1,25,1,Furnished,North,47,2.8,7,2,0,46363296
Hyderabad,House,4936,1,1,27,20,0,Semi-Furnished,North-West,62,4.3,6,4,2,58382287
Delhi,Villa,725,1,2,25,28,3,Furnished,West,61,6.9,3,3,1,24750734
Surat,Farm,2165,4,3,22,22,0,Furnished,North,10,8.8,0,3,0,13315675
Kolkata,Farm,4562,5,2,14,24,0,Unfurnished,North,20,2.2,7,4,1,24087087
Ahmedabad,Farm,703,2,4,3,17,1,Semi-Furnished,South-East,67,8.3,9,2,2,7557411
Delhi,Villa,4979,1,2,26,20,3,Unfurnished,North-East,49,8.3,6,0,1,134651008
Chennai,Industrial,1840,1,1,5,15,2,Unfurnished,North,95,6.3,7,3,1,24067137
Mumbai,House,548,4,2,2,10,3,Unfurnished,South-West,69,7.8,9,1,2,17252228
Kolkata,Office,3434,5,1,6,9,2,Furnished,South,53,2.6,0,2,1,48290637
Ahmedabad,House,3031,5,2,5,8,2,Furnished,South-West,15,2.5,4,2,0,32599943
Pune,Apartment,495,4,1,2,11,1,Unfurnished,South,37,8.8,8,3,2,9568243
Chennai,Commercial,3855,1,4,3,29,2,Unfurnished,East,40,5.5,4,4,1,59567197
Pune,Farm,4777,2,1,9,28,3,Unfurnished,North-East,17,3.2,9,3,2,35953228
Delhi,House,2769,1,2,29,18,3,Furnished,South-East,14,7.2,2,3,1,62577462
Mumbai,Office,3867,5,4,20,0,0,Unfurnished,North-West,63,9.0,8,4,2,111747444
Kolkata,Apartment,928,1,2,8,17,2,Unfurnished,South-West,26,6.7,8,1,2,9685934
Kolkata,Villa,2710,2,4,29,13,1,Semi-Furnished,South-West,47,4.1,3,4,0,35495276
Surat,Industrial,2063,3,3,5,21,1,Semi-Furnished,East,18,5.3,3,3,2,19856703
Surat,Villa,3764,1,3,28,20,3,Furnished,South,83,7.8,7,0,0,46896489
Delhi,Office,2741,4,3,19,0,2,Semi-Furnished,South-East,93,1.6,6,4,2,65255495
Delhi,Apartment,1092,3,2,26,16,1,Semi-Furnished,East,87,3.0,4,1,2,16962997
Mumbai,Farm,4730,4,2,10,10,2,Semi-Furnished,North-East,23,5.2,5,4,1,62671239
Surat,House,1351,4,4,6,19,2,Furnished,South-East,35,6.4,2,4,1,15973395
Ahmedabad,Apartment,1760,4,4,17,27,0,Semi-Furnished,North-East,71,4.1,5,2,1,15281939
Ahmedabad,Industrial,938,1,4,3,14,1,Furnished,North,34,3.7,7,2,2,11390951
Mumbai,Villa,1219,5,4,4,3,0,Unfurnished,West,89,1.4,9,3,2,41604306
Ahmedabad,Industrial,3562,3,1,3,14,1,Semi-Furnished,North,45,1.3,8,3,0,33097891
Jaipur,Industrial,4325,2,3,3,21,2,Furnished,North-East,89,3.5,2,4,0,35944529
Hyderabad,Office,671,5,1,26,21,1,Semi-Furnished,South-West,42,5.8,7,0,0,10565779
Mumbai,Office,1428,1,1,12,25,3,Unfurnished,South-East,12,6.0,2,3,1,40732655
Mumbai,House,4065,4,1,15,13,2,Furnished,South,96,5.4,1,4,1,108135122
Bangalore,Office,1642,2,1,24,21,1,Furnished,North-West,20,4.7,4,4,0,37388302
Chennai,Office,1541,3,3,13,0,0,Furnished,South,67,3.3,3,4,2,25236116
Chennai,Apartment,992,5,1,10,25,0,Unfurnished,South-East,73,4.6,4,4,1,13184432
Jaipur,Farm,2005,5,4,28,8,2,Unfurnished,North,27,2.2,5,4,1,9198495
Surat,House,4610,2,2,1,26,0,Unfurnished,North-West,56,2.0,2,2,0,38743637
Delhi,Apartment,3777,1,4,21,6,2,Furnished,South-East,53,3.7,0,1,1,62255436
Delhi,Farm,4471,3,2,13,22,2,Unfurnished,North-East,68,10.0,3,1,0,46731166
Pune,Industrial,4702,2,4,23,10,2,Semi-Furnished,South-West,59,3.9,5,4,1,63333425
Jaipur,Apartment,4094,4,4,23,22,1,Unfurnished,South,78,9.4,1,3,2,27096367
Mumbai,Commercial,2750,3,2,26,1,2,Furnished,North-East,97,4.5,1,0,2,95204731
Jaipur,Apartment,4607,5,3,6,1,0,Semi-Furnished,North-West,38,5.0,0,4,1,27642396
Jaipur,Office,1840,2,1,25,5,3,Unfurnished,North-West,99,8.2,8,0,0,16150313
Jaipur,Farm,4026,5,4,10,22,1,Semi-Furnished,South,76,1.8,2,2,1,18013196
Chennai,House,2282,5,3,3,18,0,Semi-Furnished,North-East,11,2.6,1,1,0,29929587
Jaipur,House,4111,5,1,6,28,2,Furnished,East,34,9.8,3,2,1,42011077
Hyderabad,Farm,584,1,3,28,19,2,Semi-Furnished,North-East,28,5.6,5,3,2,5460461
Delhi,Office,620,5,3,15,13,3,Semi-Furnished,North-West,49,1.4,0,3,2,18074129
Pune,Villa,3588,4,1,25,27,0,Furnished,North-East,11,1.4,8,4,1,75889636
Hyderabad,Apartment,1493,4,4,5,2,1,Furnished,South-West,92,9.2,8,3,1,17816994
Pune,Office,3345,3,3,26,6,0,Furnished,South-East,74,8.9,7,3,1,61865837
Bangalore,Commercial,2874,5,4,5,6,2,Semi-Furnished,North,71,5.1,5,2,2,60802047
Pune,Industrial,3015,5,4,1,3,1,Semi-Furnished,South-West,63,2.5,3,0,2,41485158
Delhi,Farm,2412,2,4,23,28,2,Semi-Furnished,East,54,8.5,1,1,0,24961410
Delhi,Apartment,2890,1,1,7,22,2,Furnished,West,58,3.9,7,3,1,47016609
Jaipur,House,1000,3,2,29,4,0,Unfurnished,South-East,78,4.8,6,3,1,7849342
Kolkata,Industrial,1560,5,4,26,16,3,Semi-Furnished,North,47,7.1,3,2,2,17615624
Bangalore,Villa,4999,2,2,6,25,2,Unfurnished,West,13,4.2,2,1,1,102970694
Mumbai,Commercial,4713,1,2,26,3,0,Furnished,South,26,6.7,5,2,0,167899155
Ahmedabad,House,3135,3,3,24,22,1,Semi-Furnished,West,62,9.0,0,0,1,30824399
Pune,Farm,2618,3,4,23,12,3,Unfurnished,South-East,94,8.2,1,2,2,22527173
Kolkata,Apartment,1552,5,4,13,15,2,Semi-Furnished,North-East,62,4.4,6,1,1,14086525
Jaipur,Farm,456,3,4,8,15,2,Semi-Furnished,South-East,40,3.6,2,1,2,4448612
Chennai,Industrial,1604,2,2,14,1,1,Semi-Furnished,South-West,31,3.6,0,3,0,18870469
Mumbai,Apartment,4741,3,1,24,17,0,Unfurnished,West,20,4.1,1,0,0,90695003
Surat,Office,543,4,2,21,0,2,Furnished,North-West,43,5.4,9,4,1,8807374
Kolkata,Villa,767,2,4,17,17,1,Semi-Furnished,North,24,4.7,9,3,1,12891978
Chennai,Office,1882,1,4,11,25,2,Furnished,North,19,2.2,8,2,2,29804360
Bangalore,Office,1015,1,4,22,29,0,Furnished,West,62,2.5,6,2,0,21430875
Jaipur,Farm,4038,5,2,18,7,3,Unfurnished,North,57,4.1,6,1,0,16462709
Mumbai,Industrial,3728,5,4,12,10,0,Unfurnished,North-West,40,6.1,9,1,0,82732002
Mumbai,Villa,3627,4,3,6,23,0,Furnished,South-East,46,6.3,7,1,0,136320801
Mumbai,Apartment,1988,1,4,24,23,0,Semi-Furnished,North,37,5.4,7,4,1,39357518
Bangalore,Apartment,2889,1,1,9,14,1,Unfurnished,West,40,7.6,8,4,1,35438126
Pune,Commercial,3403,1,3,29,15,2,Semi-Furnished,East,79,7.6,1,3,2,55910065
Surat,House,1098,1,4,9,16,3,Semi-Furnished,East,23,4.8,7,4,0,11632101
Bangalore,Commercial,3223,3,3,1,16,1,Semi-Furnished,South,96,2.1,7,1,1,69627209
Ahmedabad,Commercial,1344,2,4,13,11,0,Furnished,South-West,25,5.8,4,3,1,17205748
Surat,Apartment,4281,2,1,12,9,3,Semi-Furnished,North,34,4.4,4,3,0,29543877
Delhi,Farm,1322,4,4,21,19,0,Furnished,South-West,48,2.2,3,0,1,17426602
Jaipur,Office,2146,3,3,28,5,0,Furnished,South-East,75,9.8,4,4,2,20297679
Bangalore,Industrial,4520,1,1,5,7,0,Semi-Furnished,West,47,4.3,1,2,2,75830323
Chennai,Office,3253,1,2,8,12,3,Semi-Furnished,North,50,6.6,1,2,0,50069600
Surat,Office,1959,5,1,12,1,2,Semi-Furnished,North-East,49,5.4,4,0,2,22210929
Ahmedabad,Villa,1483,5,1,8,28,0,Semi-Furnished,North-West,73,2.3,2,1,1,19879350
Delhi,Apartment,3938,4,1,12,18,2,Furnished,North,98,1.5,0,0,2,68448755
Pune,Industrial,833,1,3,4,21,3,Semi-Furnished,North,25,6.6,8,1,1,14391915
Chennai,Farm,3326,4,1,13,9,3,Semi-Furnished,South-West,91,3.2,1,4,0,23485626
Surat,Villa,1489,3,4,4,3,0,Furnished,South-West,86,3.2,9,4,0,21884719
Jaipur,House,3357,2,1,8,11,2,Unfurnished,East,68,9.6,1,3,1,26915326
Chennai,Farm,3012,1,1,7,17,2,Unfurnished,North-West,20,5.2,3,3,1,20647781
Delhi,Commercial,4591,3,4,6,6,0,Furnished,West,10,1.3,1,3,2,119097733
Chennai,Farm,4159,1,4,7,19,1,Unfurnished,North,22,4.1,6,3,1,28978480
Hyderabad,Farm,4663,5,2,21,23,1,Furnished,East,39,6.3,9,2,0,32273909
Kolkata,Office,2489,4,1,2,23,3,Semi-Furnished,South-West,78,4.0,0,3,1,29687471
Pune,Farm,2302,5,3,22,22,3,Semi-Furnished,South,27,1.2,1,3,2,19816547
Delhi,Commercial,2967,2,1,23,25,1,Unfurnished,North-West,87,5.0,4,3,2,70865238
Chennai,Commercial,2398,5,1,14,24,1,Semi-Furnished,East,22,2.0,1,1,1,38647885
Kolkata,Apartment,3514,1,4,7,3,1,Unfurnished,East,41,6.6,8,3,2,25297002
Kolkata,Farm,3394,5,2,0,6,0,Unfurnished,South-East,80,6.6,3,0,2,19561606
Chennai,Office,2410,1,1,6,9,0,Semi-Furnished,East,81,1.3,8,3,0,34166241
Jaipur,Farm,2291,2,3,18,25,0,Semi-Furnished,South-East,59,3.6,0,3,1,12154602
Hyderabad,House,1230,5,1,1,14,0,Unfurnished,North,80,4.7,0,2,0,15618527
Bangalore,House,448,4,3,13,11,0,Semi-Furnished,North,89,6.0,0,3,0,9567283
Hyderabad,Office,4610,4,4,17,0,0,Furnished,South-West,40,3.7,3,1,2,63721717
Chennai,Apartment,1578,4,2,29,19,3,Semi-Furnished,South,60,3.6,8,4,0,16935709
Pune,Apartment,3433,5,1,14,17,2,Semi-Furnished,North-East,36,9.8,7,3,1,41291919
Bangalore,Commercial,470,5,2,13,24,3,Furnished,North-East,69,1.4,6,3,1,12258091
Delhi,Commercial,466,5,1,23,15,2,Semi-Furnished,North-East,42,9.9,0,3,1,14055231
Hyderabad,Villa,2177,1,3,24,4,3,Semi-Furnished,South-West,62,1.4,2,2,0,32719371
Chennai,Office,2628,2,2,18,18,3,Unfurnished,South-East,81,3.6,8,4,1,38954137
Hyderabad,Farm,2189,4,1,29,3,0,Semi-Furnished,South-West,42,5.4,8,2,1,14862330
Bangalore,Industrial,1012,1,4,18,5,0,Semi-Furnished,North-West,50,2.3,4,2,0,15546322
Ahmedabad,Office,2286,4,3,21,25,2,Furnished,North-West,28,2.2,5,2,0,25721470
Surat,Villa,2022,1,2,26,16,2,Unfurnished,South,94,3.3,5,1,0,22662347
Hyderabad,Commercial,1096,5,1,25,6,0,Unfurnished,North-West,50,9.8,9,4,0,17613771
Delhi,Office,1637,4,2,16,23,3,Unfurnished,North-East,94,4.4,3,1,2,39251252
Delhi,Office,2806,5,1,21,22,2,Semi-Furnished,North-East,98,6.1,0,1,0,63151971
Mumbai,Commercial,648,4,3,27,6,1,Unfurnished,South-West,51,7.3,4,4,0,19958122
Hyderabad,Villa,1037,3,4,18,8,1,Furnished,East,32,7.7,0,1,1,18816333
Surat,Commercial,1349,1,3,26,12,1,Unfurnished,North-West,84,7.2,0,4,1,13821428
Jaipur,Apartment,2304,3,2,15,19,2,Furnished,South-West,42,4.0,4,3,0,17399765
Kolkata,Farm,3987,1,2,19,13,0,Unfurnished,North,29,2.0,4,2,0,21157485
Surat,Commercial,1511,2,1,24,15,0,Unfurnished,North,34,3.5,6,1,0,15033847
Kolkata,Villa,575,4,3,18,22,0,Furnished,East,99,2.9,1,4,1,10521588
Kolkata,House,1122,2,1,0,8,2,Unfurnished,East,61,2.2,5,0,1,12001041
Ahmedabad,Apartment,4242,2,3,18,14,2,Unfurnished,East,21,1.2,1,1,0,27866049
Mumbai,House,4074,1,2,6,4,1,Unfurnished,South-West,41,9.4,9,1,1,94538860
Surat,Industrial,2347,3,1,28,17,2,Semi-Furnished,North,42,9.3,4,4,1,20120956
Surat,Commercial,1102,5,1,22,20,1,Furnished,North-East,83,1.5,3,0,0,14245000
Ahmedabad,Apartment,2528,1,3,10,19,1,Unfurnished,East,77,2.6,9,0,1,19315154
Hyderabad,Farm,1326,5,4,4,7,0,Furnished,South,24,2.3,4,3,0,10399264
Hyderabad,Commercial,4633,2,3,29,14,2,Furnished,South-East,60,3.5,1,1,2,70251989
Hyderabad,Farm,3904,5,4,16,20,0,Furnished,South-West,15,2.8,7,2,2,28849651
Pune,Office,2917,3,3,10,24,0,Unfurnished,East,78,9.5,7,1,2,45477665
Kolkata,House,2797,1,2,23,8,2,Unfurnished,South-East,78,1.8,5,2,1,26800874
Pune,Apartment,1549,3,1,25,18,2,Furnished,West,91,2.9,2,2,2,21058255
Mumbai,Farm,3780,3,3,7,28,3,Semi-Furnished,East,44,1.7,3,4,1,52444285
Ahmedabad,Villa,2278,1,2,9,25,1,Furnished,North,95,9.8,0,1,0,30142931
Surat,Farm,1653,3,3,11,21,3,Semi-Furnished,North-West,43,9.3,8,4,2,10183477
Kolkata,Villa,1883,4,1,9,5,1,Furnished,East,72,7.4,9,3,1,30968576
Pune,Commercial,709,4,3,12,3,1,Furnished,South-West,77,4.8,4,2,2,15935017
Pune,Apartment,4352,4,4,25,10,1,Furnished,North-West,27,2.7,7,0,1,52122712
Chennai,Farm,3449,5,1,17,28,0,Unfurnished,West,35,3.0,2,2,1,24590935
Pune,Industrial,1964,3,4,9,9,0,Semi-Furnished,South,95,5.0,3,3,0,25170719
Jaipur,Farm,1900,1,2,18,2,2,Semi-Furnished,North-West,70,7.9,3,2,1,9295021
Surat,Industrial,415,1,2,19,0,1,Furnished,South-East,87,3.4,7,4,1,5055933
Jaipur,Apartment,1005,5,3,16,11,1,Unfurnished,North-East,83,3.8,8,1,2,8887909
Surat,Farm,1781,1,4,19,22,1,Unfurnished,East,97,6.4,2,0,0,9363369
Ahmedabad,Villa,3783,4,4,15,14,0,Semi-Furnished,West,94,3.1,6,4,1,45675812
Surat,Farm,1294,3,1,4,14,2,Unfurnished,West,57,6.3,8,1,2,9117185
Jaipur,House,1967,1,4,2,20,0,Semi-Furnished,North-West,81,4.5,1,0,0,17040709
Surat,Commercial,813,1,4,29,13,3,Semi-Furnished,South,40,1.3,3,3,1,8779539
Ahmedabad,Office,4520,2,1,26,25,3,Semi-Furnished,North,43,4.6,2,2,2,43634287
Ahmedabad,Villa,2404,2,1,14,6,3,Unfurnished,East,96,9.3,7,0,0,31661007
Mumbai,House,715,2,4,25,16,2,Semi-Furnished,West,98,3.6,3,3,0,18721166
Surat,Industrial,3455,3,3,1,23,3,Semi-Furnished,South,16,3.9,8,1,0,29527890
Chennai,Commercial,2249,4,1,12,18,2,Furnished,North-East,92,1.6,0,0,0,39375705
Hyderabad,Apartment,2353,4,1,21,6,0,Semi-Furnished,West,16,6.5,0,3,1,20163548
Delhi,Villa,788,4,4,7,27,0,Semi-Furnished,South,56,8.6,3,1,1,25124671
Ahmedabad,Office,3169,3,4,22,2,2,Furnished,South-West,17,4.2,2,4,0,35339925
Bangalore,Commercial,4939,3,1,26,29,0,Furnished,North,87,3.2,2,2,0,102236274
Hyderabad,Industrial,3446,2,4,29,2,0,Unfurnished,North,10,9.6,9,3,1,32132818
Kolkata,Office,2815,1,1,16,25,2,Semi-Furnished,West,86,7.7,1,4,2,34134849
Surat,Apartment,2789,5,3,3,24,3,Unfurnished,South-East,12,6.1,9,1,0,22197657
Jaipur,Apartment,703,5,3,18,28,2,Unfurnished,West,62,3.7,9,0,1,7035901
Delhi,Industrial,1163,1,1,21,17,1,Furnished,North-West,47,3.0,1,2,1,25675983
Bangalore,Villa,2373,2,1,24,29,0,Unfurnished,East,60,7.4,7,1,2,57768969
Hyderabad,Industrial,1215,1,2,8,19,2,Semi-Furnished,South,24,5.7,0,3,1,15009919
Surat,Farm,1277,1,2,22,21,0,Furnished,West,76,5.7,7,2,0,8460339
Mumbai,Apartment,2726,5,4,14,13,3,Semi-Furnished,East,73,1.7,9,4,1,58752008
Kolkata,Commercial,2829,2,4,27,2,0,Semi-Furnished,North-West,77,5.6,2,2,0,36283384
Delhi,Farm,2460,3,1,8,27,2,Furnished,South-West,14,8.4,1,4,1,28200844
Chennai,House,4798,5,1,23,25,3,Semi-Furnished,South-West,99,9.5,8,1,0,61753683
Mumbai,Office,1979,3,2,20,29,3,Furnished,East,98,2.0,4,0,0,61353452
Bangalore,Farm,4655,2,2,8,25,3,Semi-Furnished,West,19,6.7,4,2,1,46806299
Delhi,Office,2601,1,1,13,6,1,Furnished,North,17,6.1,5,0,0,63060270
Mumbai,Industrial,3997,4,3,22,6,2,Unfurnished,South,21,9.0,3,0,1,96493464
Kolkata,Farm,1603,4,3,20,4,2,Semi-Furnished,South,73,7.8,6,2,1,11118611
Chennai,Industrial,2824,2,4,15,2,3,Furnished,South-West,68,9.7,6,2,1,38135706
Mumbai,House,4275,4,1,23,17,0,Semi-Furnished,South-West,76,9.6,8,0,0,105481201
Pune,Apartment,3223,3,1,22,14,3,Semi-Furnished,North,59,3.0,5,3,1,35515610
Chennai,House,3685,4,4,24,19,1,Semi-Furnished,South-East,32,7.5,0,3,2,48761760
Bangalore,Apartment,2463,2,2,25,13,3,Furnished,West,49,5.8,8,2,0,35735939
Kolkata,Industrial,2379,2,2,16,28,2,Unfurnished,South-West,87,2.9,9,0,2,22312634
Surat,Apartment,4748,3,3,12,3,3,Unfurnished,South-West,96,2.8,8,0,2,30594655
Jaipur,Office,3531,4,1,8,26,0,Unfurnished,South-West,86,1.7,4,1,2,34887173
Jaipur,Commercial,3492,4,2,14,23,2,Furnished,South,85,8.2,6,0,2,43097568
Jaipur,House,4064,1,3,6,7,0,Unfurnished,West,27,3.9,0,3,1,30004276
Delhi,Farm,2736,5,3,0,28,3,Furnished,North-West,30,8.7,3,1,2,37225544
Bangalore,House,4014,2,3,0,20,2,Semi-Furnished,West,10,6.5,9,3,0,66205717
Kolkata,Office,897,1,2,4,12,1,Semi-Furnished,East,47,7.1,3,4,2,12757485
Chennai,Apartment,4217,2,2,23,21,2,Unfurnished,North,50,3.6,4,2,2,37903458
Delhi,Office,531,1,1,8,7,0,Furnished,South-East,51,5.1,5,4,2,15894830
Bangalore,Villa,1257,5,1,11,14,2,Semi-Furnished,South-West,18,4.7,3,2,1,31939222
